val/loss,val/step1,val/rollout_avg,epoch,step,train/loss,train/main,train/align,train/step1,train/rollout_avg
0.0008596994448453188,0.0006728893495164812,0.0006227002013474703,0,0,,,,,
,,,0,0,0.020421026274561882,0.018814072012901306,0.0016069539124146104,,
0.0008596994448453188,0.0006728893495164812,0.0006227002013474703,1,1,,,,,
,,,1,1,0.02005024440586567,0.018482843413949013,0.0015674004098400474,,
0.0008596994448453188,0.0006728893495164812,0.0006227002013474703,2,2,,,,,
,,,2,2,0.016392190009355545,0.014786002226173878,0.0016061869682744145,,
0.0008596994448453188,0.0006728893495164812,0.0006227002013474703,3,3,,,,,
,,,3,3,0.015577971935272217,0.013910683803260326,0.0016672887140884995,,
0.0008596994448453188,0.0006728893495164812,0.0006227002013474703,4,4,,,,,
,,,4,4,0.012992195785045624,0.0112826032564044,0.0017095920629799366,,
0.0008596994448453188,0.0006728893495164812,0.0006227002013474703,5,5,,,,,
,,,5,5,0.012504767626523972,0.010713748633861542,0.0017910186434164643,,
0.0008596994448453188,0.0006728893495164812,0.0006227002013474703,6,6,,,,,
,,,6,6,0.012354125268757343,0.010421073995530605,0.0019330523209646344,,
0.0008596994448453188,0.0006728893495164812,0.0006227002013474703,7,7,,,,,
,,,7,7,0.012070789001882076,0.010182887315750122,0.0018879015697166324,,
0.0008596994448453188,0.0006728893495164812,0.0006227002013474703,8,8,,,,,
,,,8,8,0.010468095541000366,0.008552097715437412,0.0019159974763169885,,
0.0008596994448453188,0.0006728893495164812,0.0006227002013474703,9,9,,,,,
,,,9,9,0.01105264201760292,0.0091527896001935,0.0018998520681634545,,
0.0008596994448453188,0.0006728893495164812,0.0006227002013474703,10,10,,,,,
,,,10,10,0.010907802730798721,0.009029336273670197,0.0018784661078825593,,
0.0008596994448453188,0.0006728893495164812,0.0006227002013474703,11,11,,,,,
,,,11,11,0.010278783738613129,0.00847729854285717,0.0018014851957559586,,
0.0008596994448453188,0.0006728893495164812,0.0006227002013474703,12,12,,,,,
,,,12,12,0.009706482291221619,0.007896807976067066,0.001809673965908587,,
0.0008596994448453188,0.0006728893495164812,0.0006227002013474703,13,13,,,,,
,,,13,13,0.009808930568397045,0.00803517084568739,0.0017737600719556212,,
0.0008596994448453188,0.0006728893495164812,0.0006227002013474703,14,14,,,,,
,,,14,14,0.008855480700731277,0.007105514407157898,0.0017499658279120922,,
0.0008596994448453188,0.0006728893495164812,0.0006227002013474703,15,15,,,,,
,,,15,15,0.008869804441928864,0.007176818326115608,0.0016929864650592208,,
0.0008596994448453188,0.0006728893495164812,0.0006227002013474703,16,16,,,,,
,,,16,16,0.009733360260725021,0.008098263293504715,0.001635096617974341,,
0.0008596994448453188,0.0006728893495164812,0.0006227002013474703,17,17,,,,,
,,,17,17,0.009793317876756191,0.00820690207183361,0.0015864158049225807,,
0.0008596994448453188,0.0006728893495164812,0.0006227002013474703,18,18,,,,,
,,,18,18,0.009518624283373356,0.0079653887078166,0.0015532359248027205,,
0.0008596994448453188,0.0006728893495164812,0.0006227002013474703,19,19,,,,,
,,,19,19,0.009922899305820465,0.008409557864069939,0.001513341092504561,,
0.0008596994448453188,0.0006728893495164812,0.0006227002013474703,20,20,,,,,
,,,20,20,0.008890016004443169,0.007382996380329132,0.0015070191584527493,,
0.0008596994448453188,0.0006728893495164812,0.0006227002013474703,21,21,,,,,
,,,21,21,0.008744608610868454,0.007297252770513296,0.0014473561896011233,,
0.0008596994448453188,0.0006728893495164812,0.0006227002013474703,22,22,,,,,
,,,22,22,0.009005321189761162,0.007594769354909658,0.0014105519512668252,,
0.0008596994448453188,0.0006728893495164812,0.0006227002013474703,23,23,,,,,
,,,23,23,0.007716240826994181,0.006347125396132469,0.0013691153144463897,,
0.0008596994448453188,0.0006728893495164812,0.0006227002013474703,24,24,,,,,
,,,24,24,0.008633467368781567,0.00730086350813508,0.001332603394985199,,
0.0008596994448453188,0.0006728893495164812,0.0006227002013474703,25,25,,,,,
,,,25,25,0.007964910939335823,0.006664858665317297,0.0013000519247725606,,
0.0008596994448453188,0.0006728893495164812,0.0006227002013474703,26,26,,,,,
,,,26,26,0.009660369716584682,0.008428705856204033,0.001231663511134684,,
0.0008596994448453188,0.0006728893495164812,0.0006227002013474703,27,27,,,,,
,,,27,27,0.00848720595240593,0.0073166885413229465,0.0011705164797604084,,
0.0008596994448453188,0.0006728893495164812,0.0006227002013474703,28,28,,,,,
,,,28,28,0.00820900872349739,0.0071319774724543095,0.0010770311346277595,,
0.0008596994448453188,0.0006728893495164812,0.0006227002013474703,29,29,,,,,
,,,29,29,0.007870882749557495,0.00690832594409585,0.0009625559323467314,,
0.0008596994448453188,0.0006728893495164812,0.0006227002013474703,30,30,,,,,
,,,30,30,0.00862722285091877,0.0077762845903635025,0.0008509386680088937,,
0.0008596994448453188,0.0006728893495164812,0.0006227002013474703,31,31,,,,,
,,,31,31,0.008014985360205173,0.0072617256082594395,0.0007532594609074295,,
0.0008596994448453188,0.0006728893495164812,0.0006227002013474703,32,32,,,,,
,,,32,32,0.010157379321753979,0.009503095410764217,0.0006542840856127441,,
0.0008596994448453188,0.0006728893495164812,0.0006227002013474703,33,33,,,,,
,,,33,33,0.007029177155345678,0.006465107202529907,0.0005640693125315011,,
0.0008596994448453188,0.0006728893495164812,0.0006227002013474703,34,34,,,,,
,,,34,34,0.008035183884203434,0.007495660334825516,0.0005395231419242918,,
0.0008596994448453188,0.0006728893495164812,0.0006227002013474703,35,35,,,,,
,,,35,35,0.008811749517917633,0.008184574544429779,0.0006271749152801931,,
0.0008596994448453188,0.0006728893495164812,0.0006227002013474703,36,36,,,,,
,,,36,36,0.00789049081504345,0.007390773389488459,0.0004997170763090253,,
0.0008596994448453188,0.0006728893495164812,0.0006227002013474703,37,37,,,,,
,,,37,37,0.008664955385029316,0.008156022988259792,0.000508932105731219,,
0.0008596994448453188,0.0006728893495164812,0.0006227002013474703,38,38,,,,,
,,,38,38,0.008053502067923546,0.007534728851169348,0.0005187732167541981,,
0.0008596994448453188,0.0006728893495164812,0.0006227002013474703,39,39,,,,,
,,,39,39,0.007815402932465076,0.007278659846633673,0.0005367432604543865,,
0.0008596994448453188,0.0006728893495164812,0.0006227002013474703,40,40,,,,,
,,,40,40,0.008055859245359898,0.007507664617151022,0.000548195035662502,,
0.0008596994448453188,0.0006728893495164812,0.0006227002013474703,41,41,,,,,
,,,41,41,0.009066483937203884,0.008509671315550804,0.0005568130291067064,,
0.0008596994448453188,0.0006728893495164812,0.0006227002013474703,42,42,,,,,
,,,42,42,0.00712926359847188,0.006570520345121622,0.0005587427294813097,,
0.0008596994448453188,0.0006728893495164812,0.0006227002013474703,43,43,,,,,
,,,43,43,0.00706837372854352,0.006510145962238312,0.0005582276498898864,,
0.0008596994448453188,0.0006728893495164812,0.0006227002013474703,44,44,,,,,
,,,44,44,0.009458431974053383,0.008893000893294811,0.0005654310225509107,,
0.0008596994448453188,0.0006728893495164812,0.0006227002013474703,45,45,,,,,
,,,45,45,0.007637493312358856,0.007058856543153524,0.0005786367109976709,,
0.0008596994448453188,0.0006728893495164812,0.0006227002013474703,46,46,,,,,
,,,46,46,0.008970657363533974,0.008378207683563232,0.000592449214309454,,
0.0008596994448453188,0.0006728893495164812,0.0006227002013474703,47,47,,,,,
,,,47,47,0.006746616680175066,0.006144169718027115,0.0006024471367709339,,
0.0008596994448453188,0.0006728893495164812,0.0006227002013474703,48,48,,,,,
,,,48,48,0.007058200892060995,0.006456924136728048,0.0006012768135406077,,
0.0008596994448453188,0.0006728893495164812,0.0006227002013474703,49,49,,,,,
,,,49,49,0.006765380036085844,0.006146719679236412,0.0006186602404341102,,
0.0008596994448453188,0.0006728893495164812,0.0006227002013474703,50,50,,,,,
,,,50,50,0.007667886093258858,0.0070264884270727634,0.0006413974333554506,,
0.0008596994448453188,0.0006728893495164812,0.0006227002013474703,51,51,,,,,
,,,51,51,0.007385974284261465,0.0067246537655591965,0.0006613203440792859,,
0.0008596994448453188,0.0006728893495164812,0.0006227002013474703,52,52,,,,,
,,,52,52,0.007594482973217964,0.006936423480510712,0.0006580597255378962,,
0.0008596994448453188,0.0006728893495164812,0.0006227002013474703,53,53,,,,,
,,,53,53,0.007352216634899378,0.006675077136605978,0.0006771403714083135,,
0.0008596994448453188,0.0006728894077241421,0.0006227002013474703,54,54,,,,,
,,,54,54,0.008126096799969673,0.007446977775543928,0.0006791185587644577,,
0.0008596994448453188,0.0006728894077241421,0.0006227002013474703,55,55,,,,,
,,,55,55,0.007870354689657688,0.007181814406067133,0.0006885401089675725,,
0.0008596994448453188,0.0006728894077241421,0.0006227002013474703,56,56,,,,,
,,,56,56,0.007833117619156837,0.007141467183828354,0.0006916502024978399,,
0.0008596994448453188,0.0006728894077241421,0.0006227002013474703,57,57,,,,,
,,,57,57,0.007477236911654472,0.006797525566071272,0.0006797115202061832,,
0.0008596994448453188,0.0006728894077241421,0.0006227002013474703,58,58,,,,,
,,,58,58,0.008617320097982883,0.00797530822455883,0.0006420122808776796,,
0.0008596994448453188,0.0006728894077241421,0.0006227002013474703,59,59,,,,,
,,,59,59,0.007996508851647377,0.007405007723718882,0.0005915006040595472,,
0.0008596994448453188,0.0006728894077241421,0.0006227002013474703,60,60,,,,,
,,,60,60,0.0070941392332315445,0.006524111609905958,0.0005700276233255863,,
0.0008596994448453188,0.0006728894077241421,0.0006227002013474703,61,61,,,,,
,,,61,61,0.006335162092000246,0.005791453178972006,0.0005437089712359011,,
0.0008596994448453188,0.0006728894077241421,0.0006227002013474703,62,62,,,,,
,,,62,62,0.006506656762212515,0.0059809610247612,0.000525695038959384,,
0.0008596994448453188,0.0006728894077241421,0.0006227002013474703,63,63,,,,,
,,,63,63,0.007650543004274368,0.007148211356252432,0.0005023318226449192,,
0.0008596994448453188,0.0006728894077241421,0.0006227002013474703,64,64,,,,,
,,,64,64,0.007096180226653814,0.006604376714676619,0.0004918029881082475,,
0.0008596995612606406,0.000672889465931803,0.0006227002013474703,65,65,,,,,
,,,65,65,0.006828604731708765,0.006336783524602652,0.0004918219055980444,,
0.0008596995612606406,0.000672889465931803,0.0006227002013474703,66,66,,,,,
,,,66,66,0.008034472353756428,0.00754171796143055,0.0004927543923258781,,
0.0008596996194683015,0.0006728895241394639,0.0006227002595551312,67,67,,,,,
,,,67,67,0.007704747840762138,0.0072116791270673275,0.0004930690629407763,,
0.0008596996194683015,0.0006728895241394639,0.0006227002595551312,68,68,,,,,
,,,68,68,0.01024704147130251,0.009759347885847092,0.0004876936145592481,,
0.0008596996194683015,0.0006728895241394639,0.0006227002595551312,69,69,,,,,
,,,69,69,0.005275227129459381,0.0047951266169548035,0.0004801006580237299,,
0.0008596996194683015,0.0006728895241394639,0.0006227002595551312,70,70,,,,,
,,,70,70,0.006400464568287134,0.005927493330091238,0.00047297184937633574,,
0.0008596996194683015,0.0006728895241394639,0.0006227002595551312,71,71,,,,,
,,,71,71,0.006791620049625635,0.006327865179628134,0.0004637555975932628,,
0.0008596996194683015,0.0006728895241394639,0.0006227002595551312,72,72,,,,,
,,,72,72,0.0052683367393910885,0.004813728854060173,0.00045460808905772865,,
0.0008596996194683015,0.0006728895241394639,0.0006227002595551312,73,73,,,,,
,,,73,73,0.00608711177483201,0.005625372286885977,0.0004617398662958294,,
0.0008596996194683015,0.0006728895241394639,0.0006227002595551312,74,74,,,,,
,,,74,74,0.008038144558668137,0.0075872913002967834,0.00045085311285220087,,
0.0008596996194683015,0.0006728895241394639,0.0006227002595551312,75,75,,,,,
,,,75,75,0.005752018187195063,0.005291847977787256,0.0004601695982273668,,
0.0008596996194683015,0.0006728895241394639,0.0006227002595551312,76,76,,,,,
,,,76,76,0.007996423169970512,0.007541538681834936,0.0004548848664853722,,
0.0008596996194683015,0.0006728895241394639,0.0006227002595551312,77,77,,,,,
,,,77,77,0.007574788760393858,0.007124962285161018,0.00044982635881751776,,
0.0008596996194683015,0.0006728895241394639,0.0006227002595551312,78,78,,,,,
,,,78,78,0.007581351790577173,0.007133123930543661,0.000448228936875239,,
0.0008596997358836234,0.0006728896405547857,0.0006227003177627921,79,79,,,,,
,,,79,79,0.005658861715346575,0.005225250963121653,0.0004336100828368217,,
0.0008596997358836234,0.0006728896405547857,0.0006227003177627921,80,80,,,,,
,,,80,80,0.008547655306756496,0.008109040558338165,0.0004386151267681271,,
0.0008596997358836234,0.0006728896405547857,0.0006227003177627921,81,81,,,,,
,,,81,81,0.008139041252434254,0.007700085639953613,0.0004389557579997927,,
0.0008596997358836234,0.0006728896405547857,0.0006227003177627921,82,82,,,,,
,,,82,82,0.00853436067700386,0.008090097457170486,0.00044426313252188265,,
0.0008596997358836234,0.0006728896405547857,0.0006227003177627921,83,83,,,,,
,,,83,83,0.00828798022121191,0.007847568020224571,0.0004404122300911695,,
0.0008596997358836234,0.0006728896405547857,0.0006227003177627921,84,84,,,,,
,,,84,84,0.006981221958994865,0.006542315240949392,0.00043890680535696447,,
0.0008596997358836234,0.0006728896405547857,0.0006227003177627921,85,85,,,,,
,,,85,85,0.0074209608137607574,0.006977332755923271,0.0004436282906681299,,
0.0008596997358836234,0.0006728896405547857,0.0006227003177627921,86,86,,,,,
,,,86,86,0.007569856941699982,0.007118923123925924,0.00045093384687788785,,
0.0008596997358836234,0.0006728896405547857,0.0006227003177627921,87,87,,,,,
,,,87,87,0.007641322445124388,0.007184203714132309,0.0004571187309920788,,
0.0008596997358836234,0.0006728896405547857,0.0006227003177627921,88,88,,,,,
,,,88,88,0.0072710695676505566,0.006809552665799856,0.000461516814539209,,
0.0008596997358836234,0.0006728896405547857,0.0006227003177627921,89,89,,,,,
,,,89,89,0.00750851770862937,0.007038371171802282,0.0004701463331002742,,
0.0008596997358836234,0.0006728896405547857,0.0006227003177627921,90,90,,,,,
,,,90,90,0.007332842331379652,0.006861501839011908,0.0004713405796792358,,
0.0008596997358836234,0.0006728896405547857,0.0006227003177627921,91,91,,,,,
,,,91,91,0.006992921233177185,0.006512906402349472,0.0004800149181392044,,
0.0008596997358836234,0.0006728896405547857,0.0006227003177627921,92,92,,,,,
,,,92,92,0.008297774940729141,0.007818524725735188,0.0004792500694748014,,
0.0008596997358836234,0.0006728896405547857,0.0006227003177627921,93,93,,,,,
,,,93,93,0.008841591887176037,0.008357740938663483,0.0004838508612010628,,
0.0008596997358836234,0.0006728896405547857,0.0006227003177627921,94,94,,,,,
,,,94,94,0.008475602604448795,0.00798664428293705,0.0004889585543423891,,
0.0008596997358836234,0.0006728896405547857,0.0006227003177627921,95,95,,,,,
,,,95,95,0.007197683211416006,0.006708811968564987,0.0004888705443590879,,
0.0008596997358836234,0.0006728896405547857,0.0006227003177627921,96,96,,,,,
,,,96,96,0.0077607170678675175,0.007265854626893997,0.0004948622663505375,,
0.0008596997358836234,0.0006728896405547857,0.0006227003177627921,97,97,,,,,
,,,97,97,0.007626498118042946,0.007122254464775324,0.0005042432458139956,,
0.0008596997358836234,0.0006728896405547857,0.0006227003177627921,98,98,,,,,
,,,98,98,0.0076791937462985516,0.007168470416218042,0.000510722806211561,,
0.0008596997358836234,0.0006728896405547857,0.0006227003177627921,99,99,,,,,
,,,99,99,0.007318472024053335,0.006817355751991272,0.0005011159228160977,,
0.0008596997358836234,0.0006728896405547857,0.0006227003177627921,100,100,,,,,
,,,100,100,0.005775574594736099,0.00525757996365428,0.0005179946892894804,,
0.0008596997358836234,0.0006728896405547857,0.0006227003177627921,101,101,,,,,
,,,101,101,0.00787412654608488,0.0073542906902730465,0.000519836088642478,,
0.0008596997358836234,0.0006728896405547857,0.0006227003177627921,102,102,,,,,
,,,102,102,0.00734547758474946,0.006821958348155022,0.0005235199350863695,,
0.0008596997358836234,0.0006728896405547857,0.0006227003177627921,103,103,,,,,
,,,103,103,0.009171986021101475,0.008640573360025883,0.0005314130685292184,,
0.0008596997358836234,0.0006728896405547857,0.0006227003177627921,104,104,,,,,
,,,104,104,0.006698204204440117,0.006160547491163015,0.0005376567714847624,,
0.0008596997358836234,0.0006728896405547857,0.0006227003177627921,105,105,,,,,
,,,105,105,0.007184986025094986,0.006645414978265762,0.0005395709886215627,,
0.0008596997358836234,0.0006728896405547857,0.0006227003177627921,106,106,,,,,
,,,106,106,0.007899291813373566,0.007361782249063253,0.0005375099717639387,,
0.0008596997358836234,0.0006728896405547857,0.0006227003177627921,107,107,,,,,
,,,107,107,0.00725308945402503,0.006714379880577326,0.000538708467502147,,
0.0008596997358836234,0.0006728896405547857,0.0006227003177627921,108,108,,,,,
,,,108,108,0.007225810084491968,0.006690447684377432,0.0005353629239834845,,
0.0008596997358836234,0.0006728896405547857,0.0006227003177627921,109,109,,,,,
,,,109,109,0.009252266958355904,0.008713774383068085,0.0005384929245337844,,
0.03263639286160469,0.0283126812428236,0.014412375167012215,110,110,,,,,
,,,110,110,0.08221994340419769,,,0.06452538818120956,0.05898183584213257
0.03191957622766495,0.02755303867161274,0.014555118046700954,111,111,,,,,
,,,111,111,0.07677629590034485,,,0.06114121899008751,0.05211691930890083
0.030353637412190437,0.026199666783213615,0.013846568763256073,112,112,,,,,
,,,112,112,0.055706530809402466,,,0.04480396583676338,0.03634186461567879
0.029283996671438217,0.025405243039131165,0.012929175980389118,113,113,,,,,
,,,113,113,0.06524301320314407,,,0.051377374678850174,0.04621877893805504
0.029724478721618652,0.025556888431310654,0.013891970738768578,114,114,,,,,
,,,114,114,0.0802532434463501,,,0.06081320717930794,0.06480011343955994
0.030453156679868698,0.02601352520287037,0.014798770658671856,115,115,,,,,
,,,115,115,0.09155569225549698,,,0.06788856536149979,0.07889044284820557
0.03135465085506439,0.026249468326568604,0.017017267644405365,116,116,,,,,
,,,116,116,0.07388802617788315,,,0.054004888981580734,0.06627713888883591
0.03642381727695465,0.029218751937150955,0.024016879498958588,117,117,,,,,
,,,117,117,0.10183265060186386,,,0.0697493776679039,0.10694423317909241
0.04680833965539932,0.03598601371049881,0.03607442229986191,118,118,,,,,
,,,118,118,0.16037382185459137,,,0.10385815054178238,0.18838556110858917
0.0653107687830925,0.04857290908694267,0.05579286068677902,119,119,,,,,
,,,119,119,0.19138877093791962,,,0.11861104518175125,0.24259240925312042
0.077794648706913,0.05814847722649574,0.06548723578453064,120,120,,,,,
,,,120,120,0.21621042490005493,,,0.13810387253761292,0.2603551745414734
0.08238960057497025,0.0626545250415802,0.06578358262777328,121,121,,,,,
,,,121,121,0.2900221347808838,,,0.18846039474010468,0.33853909373283386
0.08592095971107483,0.06922107189893723,0.05566629022359848,122,122,,,,,
,,,122,122,0.25727570056915283,,,0.1718941181898117,0.2846052050590515
0.08476675301790237,0.07105708867311478,0.045698877424001694,123,123,,,,,
,,,123,123,0.3249179422855377,,,0.23192916810512543,0.30996260046958923
0.09015338867902756,0.07698633521795273,0.04389017075300217,124,124,,,,,
,,,124,124,0.17878513038158417,,,0.13989286124706268,0.12964081764221191
0.10253435373306274,0.08905521035194397,0.04493047669529915,125,125,,,,,
,,,125,125,0.3011534810066223,,,0.2335948348045349,0.22519546747207642
0.11773169040679932,0.10015002638101578,0.058605559170246124,126,126,,,,,
,,,126,126,0.27732935547828674,,,0.22745464742183685,0.16624899208545685
0.1375819891691208,0.11788881570100784,0.06564392894506454,127,127,,,,,
,,,127,127,1.1328238248825073,,,0.9122040271759033,0.7353992462158203
0.16015589237213135,0.13893549144268036,0.07073469460010529,128,128,,,,,
,,,128,128,0.6734971404075623,,,0.5123270750045776,0.5372335910797119
0.18311239778995514,0.1554655283689499,0.09215624630451202,129,129,,,,,
,,,129,129,0.42483583092689514,,,0.349884033203125,0.24983946979045868
0.18818241357803345,0.16241338849067688,0.08589673042297363,130,130,,,,,
,,,130,130,0.5764357447624207,,,0.4692384898662567,0.35732412338256836
0.1985711306333542,0.17121055722236633,0.09120192378759384,131,131,,,,,
,,,131,131,0.9974201321601868,,,0.7289158701896667,0.8950144648551941
0.20659339427947998,0.17890189588069916,0.09230496734380722,132,132,,,,,
,,,132,132,0.7893369793891907,,,0.6088356375694275,0.6016713380813599
0.2282961905002594,0.19041594862937927,0.1262674778699875,133,133,,,,,
,,,133,133,1.288826823234558,,,1.0766574144363403,0.7072314620018005
0.23943762481212616,0.199554443359375,0.13294392824172974,134,134,,,,,
,,,134,134,1.952125906944275,,,1.630877137184143,1.0708287954330444
0.26270124316215515,0.21688862144947052,0.1527087539434433,135,135,,,,,
,,,135,135,0.6288723945617676,,,0.45801207423210144,0.5695343613624573
0.2881883382797241,0.23178835213184357,0.18799999356269836,136,136,,,,,
,,,136,136,0.7183375954627991,,,0.5006597638130188,0.7255927920341492
0.29269903898239136,0.24401625990867615,0.16227592527866364,137,137,,,,,
,,,137,137,4.577661514282227,,,3.074328660964966,5.011107921600342
0.3214869499206543,0.2590523064136505,0.20811545848846436,138,138,,,,,
,,,138,138,4.42938756942749,,,2.85992693901062,5.231534957885742
0.33738651871681213,0.27448713779449463,0.20966459810733795,139,139,,,,,
,,,139,139,2.5532584190368652,,,1.656216025352478,2.9901418685913086
0.3413870334625244,0.2909165620803833,0.1682349294424057,140,140,,,,,
,,,140,140,2.8837640285491943,,,2.078827142715454,2.6831226348876953
0.3568457067012787,0.3099091947078705,0.15645506978034973,141,141,,,,,
,,,141,141,1.7072086334228516,,,1.346981406211853,1.2007572650909424
0.3798728585243225,0.3296529948711395,0.1673995554447174,142,142,,,,,
,,,142,142,3.1540584564208984,,,2.5172042846679688,2.122847080230713
0.40220052003860474,0.34929877519607544,0.17633908987045288,143,143,,,,,
,,,143,143,2.5760302543640137,,,2.070037603378296,1.686642050743103
0.42758774757385254,0.3680814504623413,0.1983543485403061,144,144,,,,,
,,,144,144,7.357309818267822,,,5.962269306182861,4.650134563446045
0.4690718650817871,0.39017391204833984,0.2629931569099426,145,145,,,,,
,,,145,145,15.29979419708252,,,12.963114738464355,7.788932800292969
0.4704761505126953,0.40498214960098267,0.21831336617469788,146,146,,,,,
,,,146,146,21.37308692932129,,,17.23260498046875,13.801612854003906
0.482887864112854,0.4189668893814087,0.21306994557380676,147,147,,,,,
,,,147,147,13.307759284973145,,,10.445232391357422,9.54175853729248
0.5006166100502014,0.4340614676475525,0.22185048460960388,148,148,,,,,
,,,148,148,7.792456150054932,,,6.206986904144287,5.284898281097412
0.6170288324356079,0.4480345845222473,0.5633141994476318,149,149,,,,,
,,,149,149,15.826972961425781,,,13.633755683898926,7.310720920562744
0.8315842151641846,0.4612792134284973,1.2343499660491943,150,150,,,,,
,,,150,150,8.891186714172363,,,6.816919803619385,6.914220809936523
0.8004601001739502,0.464905321598053,1.118515968322754,151,151,,,,,
,,,151,151,16.085264205932617,,,12.912845611572266,10.574729919433594
0.5563176870346069,0.48110678791999817,0.2507029175758362,152,152,,,,,
,,,152,152,59.77400588989258,,,46.155548095703125,45.394866943359375
0.5756988525390625,0.48887088894844055,0.2894265055656433,153,153,,,,,
,,,153,153,20.115711212158203,,,15.132027626037598,16.612274169921875
0.589776873588562,0.49610820412635803,0.31222885847091675,154,154,,,,,
,,,154,154,18.443958282470703,,,13.384385108947754,16.865243911743164
0.5934643745422363,0.5006018877029419,0.30954164266586304,155,155,,,,,
,,,155,155,50.64609146118164,,,36.447784423828125,47.32768630981445
0.6171696782112122,0.514579713344574,0.3419664800167084,156,156,,,,,
,,,156,156,38.44630432128906,,,27.300500869750977,37.152671813964844
0.6201993227005005,0.5313019156455994,0.29632461071014404,157,157,,,,,
,,,157,157,44.35171890258789,,,33.233882904052734,37.05945587158203
0.6279996037483215,0.5437213778495789,0.2809273600578308,158,158,,,,,
,,,158,158,14.67426586151123,,,11.848748207092285,9.418389320373535
0.6541308760643005,0.5586879849433899,0.31814292073249817,159,159,,,,,
,,,159,159,5.672800064086914,,,4.653172492980957,3.398759126663208
0.6690234541893005,0.5710005164146423,0.32674315571784973,160,160,,,,,
,,,160,160,33.611328125,,,27.637617111206055,19.912372589111328
0.7912954092025757,0.5873150825500488,0.6799343824386597,161,161,,,,,
,,,161,161,176.32476806640625,,,153.14022827148438,77.28179931640625
0.8807312250137329,0.600811243057251,0.9330665469169617,162,162,,,,,
,,,162,162,33.71359634399414,,,28.62865447998047,16.949806213378906
0.9018898010253906,0.6122109889984131,0.9655959606170654,163,163,,,,,
,,,163,163,38.2148323059082,,,32.27089309692383,19.813129425048828
0.9513530731201172,0.6222246885299683,1.0970945358276367,164,164,,,,,
,,,164,164,37.15443420410156,,,30.96586036682129,20.62856674194336
0.9900845289230347,0.6290625929832458,1.2034064531326294,165,165,,,,,
,,,165,165,70.25389099121094,,,58.15046310424805,40.34474563598633
0.934221625328064,0.6329529285430908,1.0042290687561035,166,166,,,,,
,,,166,166,18.95157814025879,,,16.080347061157227,9.570772171020508
1.2369911670684814,0.6409355998039246,1.9868519306182861,167,167,,,,,
,,,167,167,191.2897186279297,,,143.5184326171875,159.23757934570312
1.3366228342056274,0.6504213213920593,2.2873382568359375,168,168,,,,,
,,,168,168,117.2474136352539,,,84.54988861083984,108.99173736572266
1.3936760425567627,0.649415135383606,2.480869770050049,169,169,,,,,
,,,169,169,121.3504409790039,,,85.24907684326172,120.3379135131836
1.4820473194122314,0.6644940972328186,2.725177049636841,170,170,,,,,
,,,170,170,30.626718521118164,,,20.455852508544922,33.902889251708984
1.2940019369125366,0.6744074821472168,2.065314769744873,171,171,,,,,
,,,171,171,106.47964477539062,,,81.2470932006836,84.10848999023438
1.1336990594863892,0.6745741963386536,1.5304162502288818,172,172,,,,,
,,,172,172,63.56498718261719,,,51.70991516113281,39.516902923583984
1.2950634956359863,0.6759546399116516,2.0636963844299316,173,173,,,,,
,,,173,173,28.290163040161133,,,21.09619903564453,23.97987937927246
0.8603293299674988,0.6738004088401794,0.6217631101608276,174,174,,,,,
,,,174,174,57.59101867675781,,,49.95420837402344,25.456029891967773
0.8297557830810547,0.6750690340995789,0.5156225562095642,175,175,,,,,
,,,175,175,47.51411437988281,,,30.650243759155273,56.21290969848633
0.7928172945976257,0.6788144707679749,0.3800094723701477,176,176,,,,,
,,,176,176,46.91804885864258,,,33.774356842041016,43.81230163574219
0.7880192399024963,0.684660792350769,0.3445281982421875,177,177,,,,,
,,,177,177,39.286590576171875,,,30.487089157104492,29.33167266845703
0.7957800030708313,0.6898276805877686,0.3531743586063385,178,178,,,,,
,,,178,178,39.558433532714844,,,31.759485244750977,25.99648094177246
0.8066433668136597,0.6941975355148315,0.37481948733329773,179,179,,,,,
,,,179,179,48.50053787231445,,,39.758358001708984,29.140594482421875
0.8266010880470276,0.6950968503952026,0.43834736943244934,180,180,,,,,
,,,180,180,25.19401741027832,,,21.281131744384766,13.042953491210938
0.8455340266227722,0.6969816088676453,0.49517470598220825,181,181,,,,,
,,,181,181,16.31501007080078,,,13.989018440246582,7.7533087730407715
0.8504897356033325,0.7080937027931213,0.47465333342552185,182,182,,,,,
,,,182,182,5.9348320960998535,,,5.033984661102295,3.0028269290924072
0.8549427390098572,0.7163341641426086,0.46202850341796875,183,183,,,,,
,,,183,183,6.473724842071533,,,5.472451686859131,3.337578773498535
0.8404925465583801,0.717016339302063,0.41158729791641235,184,184,,,,,
,,,184,184,38.377342224121094,,,32.07742691040039,20.99972152709961
0.8228256106376648,0.7137942910194397,0.3634377419948578,185,185,,,,,
,,,185,185,47.72145080566406,,,36.43903350830078,37.608055114746094
0.8261128664016724,0.7171695232391357,0.3631444573402405,186,186,,,,,
,,,186,186,27.564001083374023,,,21.037857055664062,21.753814697265625
0.8511514663696289,0.727178692817688,0.4132424592971802,187,187,,,,,
,,,187,187,39.696990966796875,,,33.08865737915039,22.027772903442383
0.8647884130477905,0.7391394972801208,0.4188297390937805,188,188,,,,,
,,,188,188,62.25053787231445,,,51.34560775756836,36.349769592285156
0.8700073957443237,0.7470111846923828,0.40998733043670654,189,189,,,,,
,,,189,189,226.24681091308594,,,184.1199951171875,140.42271423339844
0.8762710094451904,0.7593821883201599,0.3896293342113495,190,190,,,,,
,,,190,190,85.54337310791016,,,67.92206573486328,58.73772048950195
0.886467695236206,0.7692121863365173,0.3908517062664032,191,191,,,,,
,,,191,191,70.6858901977539,,,53.24472427368164,58.13722229003906
0.8909668922424316,0.7713727355003357,0.3986472487449646,192,192,,,,,
,,,192,192,130.33651733398438,,,95.9405746459961,114.65316009521484
0.898181676864624,0.779621958732605,0.3951990604400635,193,193,,,,,
,,,193,193,66.86770629882812,,,52.81033706665039,46.85788345336914
0.9044965505599976,0.7859690189361572,0.3950917422771454,194,194,,,,,
,,,194,194,45.39662170410156,,,34.997928619384766,34.66231155395508
0.9162648320198059,0.7952937483787537,0.4032370150089264,195,195,,,,,
,,,195,195,53.4447135925293,,,40.43758010864258,43.35710525512695
0.9234470129013062,0.8010703325271606,0.40792232751846313,196,196,,,,,
,,,196,196,66.87145233154297,,,50.38728713989258,54.947200775146484
0.9321452379226685,0.810000479221344,0.40714922547340393,197,197,,,,,
,,,197,197,91.9753189086914,,,71.18658447265625,69.29579162597656
0.9752117991447449,0.8184622526168823,0.5224984288215637,198,198,,,,,
,,,198,198,60.99506759643555,,,51.3961181640625,31.99648094177246
1.3539830446243286,0.8253467082977295,1.7621209621429443,199,199,,,,,
,,,199,199,74.53691864013672,,,60.61759567260742,46.397735595703125
1.5649055242538452,0.8280214071273804,2.45628023147583,200,200,,,,,
,,,200,200,126.5749282836914,,,97.73794555664062,96.123291015625
1.2695319652557373,0.8272395730018616,1.4743081331253052,201,201,,,,,
,,,201,201,100.9684829711914,,,85.15571594238281,52.70921325683594
1.019688606262207,0.8310588598251343,0.6287659406661987,202,202,,,,,
,,,202,202,302.95794677734375,,,262.3681945800781,135.2991485595703
1.0163885354995728,0.8372932076454163,0.5969842672348022,203,203,,,,,
,,,203,203,405.0678405761719,,,347.9692687988281,190.32859802246094
1.0044617652893066,0.8430285453796387,0.5381106734275818,204,204,,,,,
,,,204,204,44.05702209472656,,,37.21929168701172,22.792436599731445
1.0201663970947266,0.8462039232254028,0.5798750519752502,205,205,,,,,
,,,205,205,48.46323776245117,,,41.137969970703125,24.417551040649414
1.0622153282165527,0.851708710193634,0.7016888856887817,206,206,,,,,
,,,206,206,37.099693298339844,,,31.94757652282715,17.173734664916992
1.1083930730819702,0.8542987704277039,0.84698086977005,207,207,,,,,
,,,207,207,21.098892211914062,,,18.212358474731445,9.62177848815918
1.1736702919006348,0.8610908389091492,1.0419315099716187,208,208,,,,,
,,,208,208,174.8889617919922,,,151.50997924804688,77.9299087524414
1.1772111654281616,0.8679698705673218,1.03080415725708,209,209,,,,,
,,,209,209,439.1764221191406,,,380.7809143066406,194.6516571044922
1.2029197216033936,0.8749858140945435,1.0931131839752197,210,210,,,,,
,,,210,210,273.68829345703125,,,236.4239959716797,124.21432495117188
1.2014225721359253,0.8812389373779297,1.0672786235809326,211,211,,,,,
,,,211,211,426.9249267578125,,,369.4258728027344,191.6635284423828
1.2051547765731812,0.8869832754135132,1.0605716705322266,212,212,,,,,
,,,212,212,243.5504913330078,,,210.70252990722656,109.49320220947266
1.143050193786621,0.8924248814582825,0.8354178071022034,213,213,,,,,
,,,213,213,265.03570556640625,,,230.20106506347656,116.1154556274414
1.1437387466430664,0.8975526094436646,0.8206205368041992,214,214,,,,,
,,,214,214,174.28106689453125,,,151.3333282470703,76.49243927001953
1.0933334827423096,0.9023821353912354,0.6365043520927429,215,215,,,,,
,,,215,215,133.50772094726562,,,114.090576171875,64.72382354736328
1.1131235361099243,0.9068710207939148,0.6875084638595581,216,216,,,,,
,,,216,216,235.8604278564453,,,203.06446838378906,109.31989288330078
1.1024563312530518,0.9110562801361084,0.6380001902580261,217,217,,,,,
,,,217,217,105.25479888916016,,,89.86422729492188,51.30189895629883
1.1256437301635742,0.9153354167938232,0.7010278105735779,218,218,,,,,
,,,218,218,124.31414794921875,,,107.01216888427734,57.67329788208008
1.2040657997131348,0.9195243120193481,0.9484713673591614,219,219,,,,,
,,,219,219,148.9508514404297,,,129.38046264648438,65.23462677001953
1.2941458225250244,0.9231413006782532,1.2366819381713867,220,220,,,,,
,,,220,220,27.149953842163086,,,23.126134872436523,13.41272258758545
1.3235580921173096,0.9262413382530212,1.3243892192840576,221,221,,,,,
,,,221,221,78.65628814697266,,,66.99894714355469,38.857791900634766
1.3349850177764893,0.9291262626647949,1.3528623580932617,222,222,,,,,
,,,222,222,137.85406494140625,,,117.48238372802734,67.90560913085938
1.3399450778961182,0.9319504499435425,1.3599820137023926,223,223,,,,,
,,,223,223,80.1313705444336,,,68.13027954101562,40.00362777709961
1.3445807695388794,0.9344292283058167,1.3671716451644897,224,224,,,,,
,,,224,224,23.665077209472656,,,19.980302810668945,12.282577514648438
1.3526111841201782,0.936552107334137,1.3868635892868042,225,225,,,,,
,,,225,225,30.63036346435547,,,25.96144676208496,15.5630521774292
1.355339527130127,0.9386802911758423,1.3888640403747559,226,226,,,,,
,,,226,226,33.54850769042969,,,28.415063858032227,17.111465454101562
1.352519154548645,0.9410910606384277,1.3714268207550049,227,227,,,,,
,,,227,227,15.92929458618164,,,13.401333808898926,8.426530838012695
1.3200576305389404,0.9427474141120911,1.2577006816864014,228,228,,,,,
,,,228,228,9.289246559143066,,,7.8184285163879395,4.902727127075195
1.1029961109161377,0.9416536092758179,0.537808358669281,229,229,,,,,
,,,229,229,78.51839447021484,,,65.21891021728516,44.33160400390625
1.0969165563583374,0.9388044476509094,0.5270404815673828,230,230,,,,,
,,,230,230,152.148193359375,,,108.84874725341797,144.33145141601562
1.0772308111190796,0.9359555244445801,0.47091758251190186,231,231,,,,,
,,,231,231,154.54928588867188,,,118.8671875,118.9403076171875
1.18136465549469,0.9354842305183411,0.8196014165878296,232,232,,,,,
,,,232,232,84.47533416748047,,,73.21855163574219,37.52260208129883
1.3367828130722046,0.9364448189735413,1.3344600200653076,233,233,,,,,
,,,233,233,17.648712158203125,,,14.931327819824219,9.057945251464844
1.3495397567749023,0.9387946724891663,1.3691500425338745,234,234,,,,,
,,,234,234,9.044855117797852,,,7.535245418548584,5.032033443450928
1.3542839288711548,0.9422221779823303,1.3735390901565552,235,235,,,,,
,,,235,235,19.615097045898438,,,16.505386352539062,10.365700721740723
1.359497308731079,0.945996880531311,1.3783345222473145,236,236,,,,,
,,,236,236,6.251926898956299,,,5.159298896789551,3.6420929431915283
1.3653297424316406,0.9503659605979919,1.3832124471664429,237,237,,,,,
,,,237,237,23.04145050048828,,,19.47197723388672,11.898242950439453
1.3722033500671387,0.9551530480384827,1.390167474746704,238,238,,,,,
,,,238,238,22.474824905395508,,,18.944116592407227,11.769027709960938
1.3787684440612793,0.9595699906349182,1.3973278999328613,239,239,,,,,
,,,239,239,13.181065559387207,,,11.021191596984863,7.19957971572876
1.3842767477035522,0.9635841250419617,1.402308702468872,240,240,,,,,
,,,240,240,7.159306049346924,,,5.926979064941406,4.1077561378479
1.3899648189544678,0.9678713083267212,1.4069781303405762,241,241,,,,,
,,,241,241,19.676607131958008,,,16.61087989807129,10.21909236907959
1.3956148624420166,0.9722186326980591,1.411320686340332,242,242,,,,,
,,,242,242,39.57465744018555,,,33.680076599121094,19.648605346679688
1.4006319046020508,0.9769859313964844,1.4121530055999756,243,243,,,,,
,,,243,243,13.657622337341309,,,11.488812446594238,7.22936487197876
1.4003396034240723,0.9820594787597656,1.3942668437957764,244,244,,,,,
,,,244,244,10.59936237335205,,,8.921188354492188,5.593914031982422
1.3784077167510986,0.9870298504829407,1.3045928478240967,245,245,,,,,
,,,245,245,7.837679386138916,,,6.574832439422607,4.209491729736328
1.2879056930541992,0.9907671809196472,0.990461528301239,246,246,,,,,
,,,246,246,13.99588680267334,,,12.045716285705566,6.500569820404053
1.1546653509140015,0.9916232228279114,0.5434736013412476,247,247,,,,,
,,,247,247,60.741641998291016,,,49.17360305786133,38.56013107299805
1.1644209623336792,0.9916914701461792,0.5757649540901184,248,248,,,,,
,,,248,248,20.46208381652832,,,16.99749755859375,11.54861831665039
1.1921603679656982,0.9962791800498962,0.6529374122619629,249,249,,,,,
,,,249,249,124.226318359375,,,104.98019409179688,64.15373229980469
1.2685482501983643,1.0010857582092285,0.8915417194366455,250,250,,,,,
,,,250,250,37.12553024291992,,,32.10682678222656,16.72901153564453
1.3549691438674927,1.0063843727111816,1.1619491577148438,251,251,,,,,
,,,251,251,21.23408317565918,,,18.24557876586914,9.96168041229248
1.400090217590332,1.0119541883468628,1.2937867641448975,252,252,,,,,
,,,252,252,32.0706672668457,,,27.508644104003906,15.206746101379395
1.436846137046814,1.0171972513198853,1.398829698562622,253,253,,,,,
,,,253,253,19.03062629699707,,,16.112375259399414,9.727500915527344
1.456322193145752,1.0223760604858398,1.4464869499206543,254,254,,,,,
,,,254,254,17.858530044555664,,,15.08176040649414,9.255899429321289
1.470069408416748,1.0276423692703247,1.4747567176818848,255,255,,,,,
,,,255,255,7.424743175506592,,,6.13770866394043,4.290114879608154
1.4796605110168457,1.0328989028930664,1.4892051219940186,256,256,,,,,
,,,256,256,6.293324947357178,,,5.179136753082275,3.7139596939086914
1.487561821937561,1.038276195526123,1.4976187944412231,257,257,,,,,
,,,257,257,4.493965148925781,,,3.642237424850464,2.8390915393829346
1.4953900575637817,1.0440031290054321,1.5046229362487793,258,258,,,,,
,,,258,258,6.597137928009033,,,5.443161487579346,3.8465874195098877
1.5042048692703247,1.0502183437347412,1.5132882595062256,259,259,,,,,
,,,259,259,7.518318176269531,,,6.214196681976318,4.347073078155518
1.514899492263794,1.0568211078643799,1.5269278287887573,260,260,,,,,
,,,260,260,6.127897262573242,,,5.015174388885498,3.7090766429901123
1.5252091884613037,1.0636239051818848,1.538617730140686,261,261,,,,,
,,,261,261,7.2212233543396,,,5.9822564125061035,4.129889488220215
1.535043478012085,1.0705872774124146,1.548187255859375,262,262,,,,,
,,,262,262,5.193264484405518,,,4.220864772796631,3.2413320541381836
1.5419375896453857,1.0775470733642578,1.5479681491851807,263,263,,,,,
,,,263,263,6.746419429779053,,,5.559657573699951,3.9558722972869873
1.5455577373504639,1.084446907043457,1.5370361804962158,264,264,,,,,
,,,264,264,33.85411834716797,,,28.743494033813477,17.035419464111328
1.5217137336730957,1.090911626815796,1.436006784439087,265,265,,,,,
,,,265,265,25.800424575805664,,,21.988759994506836,12.70555591583252
1.478803277015686,1.0971349477767944,1.2722277641296387,266,266,,,,,
,,,266,266,83.92955780029297,,,72.60262298583984,37.75644302368164
1.3910486698150635,1.1026345491409302,0.9613802433013916,267,267,,,,,
,,,267,267,203.9791717529297,,,176.68458557128906,90.98194122314453
1.378154993057251,1.1084030866622925,0.8991731405258179,268,268,,,,,
,,,268,268,52.62234878540039,,,45.339847564697266,24.274999618530273
1.36160409450531,1.1139476299285889,0.8255215883255005,269,269,,,,,
,,,269,269,62.035221099853516,,,53.05759811401367,29.92542266845703
1.3554375171661377,1.1195311546325684,0.7863544821739197,270,270,,,,,
,,,270,270,38.98371505737305,,,33.180397033691406,19.344396591186523
1.347524881362915,1.1245595216751099,0.7432178258895874,271,271,,,,,
,,,271,271,39.54383087158203,,,33.3161506652832,20.75893783569336
1.3482013940811157,1.1298178434371948,0.7279449701309204,272,272,,,,,
,,,272,272,34.15460205078125,,,28.730356216430664,18.080814361572266
1.352183222770691,1.1353392601013184,0.7228130102157593,273,273,,,,,
,,,273,273,41.37865447998047,,,34.744380950927734,22.11423683166504
1.3655513525009155,1.1413884162902832,0.7472096085548401,274,274,,,,,
,,,274,274,50.83157730102539,,,43.0466194152832,25.94985008239746
1.394621729850769,1.147918462753296,0.8223443031311035,275,275,,,,,
,,,275,275,61.6657829284668,,,52.70732498168945,29.86149024963379
1.4497145414352417,1.1545405387878418,0.9839131832122803,276,276,,,,,
,,,276,276,73.53399658203125,,,63.58527755737305,33.16240692138672
1.5249838829040527,1.1609294414520264,1.213514804840088,277,277,,,,,
,,,277,277,136.99581909179688,,,118.93658447265625,60.19743728637695
1.602872610092163,1.1670207977294922,1.4528393745422363,278,278,,,,,
,,,278,278,72.92845153808594,,,62.78462219238281,33.81276321411133
1.6470377445220947,1.1731064319610596,1.5797711610794067,279,279,,,,,
,,,279,279,41.22920227050781,,,35.22666931152344,20.008440017700195
1.6747323274612427,1.1787197589874268,1.6533751487731934,280,280,,,,,
,,,280,280,21.683380126953125,,,18.330467224121094,11.176373481750488
1.690450668334961,1.1842520236968994,1.687328815460205,281,281,,,,,
,,,281,281,4.409505844116211,,,3.5572292804718018,2.840921640396118
1.701171875,1.1890910863876343,1.7069356441497803,282,282,,,,,
,,,282,282,12.401150703430176,,,10.353049278259277,6.8270087242126465
1.7109174728393555,1.193941593170166,1.7232530117034912,283,283,,,,,
,,,283,283,9.877412796020508,,,8.179399490356445,5.660043239593506
1.7187470197677612,1.1987159252166748,1.733436942100525,284,284,,,,,
,,,284,284,7.966825008392334,,,6.562479019165039,4.681151866912842
1.7245539426803589,1.2032583951950073,1.7376518249511719,285,285,,,,,
,,,285,285,15.195754051208496,,,12.746167182922363,8.165285110473633
1.727961540222168,1.2072458267211914,1.7357192039489746,286,286,,,,,
,,,286,286,5.990396022796631,,,4.8613996505737305,3.763320207595825
1.7286829948425293,1.2111037969589233,1.725264072418213,287,287,,,,,
,,,287,287,20.705081939697266,,,17.41837501525879,10.95569133758545
1.7297208309173584,1.2150743007659912,1.715488314628601,288,288,,,,,
,,,288,288,15.981440544128418,,,13.439909934997559,8.471763610839844
1.729587197303772,1.2184964418411255,1.7036356925964355,289,289,,,,,
,,,289,289,31.110509872436523,,,26.36455535888672,15.819846153259277
1.721461534500122,1.2217206954956055,1.6658025979995728,290,290,,,,,
,,,290,290,39.33434295654297,,,33.49938201904297,19.44986915588379
1.7344714403152466,1.22561514377594,1.6961874961853027,291,291,,,,,
,,,291,291,10.540017127990723,,,8.824931144714355,5.716954708099365
1.7371219396591187,1.2286278009414673,1.6949803829193115,292,292,,,,,
,,,292,292,17.716917037963867,,,14.927218437194824,9.29900074005127
1.7412596940994263,1.231695294380188,1.6985478401184082,293,293,,,,,
,,,293,293,20.528291702270508,,,17.39054298400879,10.459159851074219
1.7346277236938477,1.234049677848816,1.668593168258667,294,294,,,,,
,,,294,294,20.4749755859375,,,17.38955307006836,10.284744262695312
1.734649658203125,1.2359894514083862,1.6622004508972168,295,295,,,,,
,,,295,295,33.813480377197266,,,28.814977645874023,16.661685943603516
1.715141773223877,1.2371129989624023,1.5934289693832397,296,296,,,,,
,,,296,296,64.65950775146484,,,55.44389343261719,30.718719482421875
1.6901715993881226,1.2382378578186035,1.5064458847045898,297,297,,,,,
,,,297,297,48.57539749145508,,,41.79093551635742,22.614877700805664
1.6898744106292725,1.2396256923675537,1.5008291006088257,298,298,,,,,
,,,298,298,33.419288635253906,,,28.695816040039062,15.744915008544922
1.6971054077148438,1.2408852577209473,1.5207335948944092,299,299,,,,,
,,,299,299,85.59050750732422,,,73.80687713623047,39.27875900268555
1.678070068359375,1.2416043281555176,1.454885721206665,300,300,,,,,
,,,300,300,52.03303146362305,,,44.8679084777832,23.88373374938965
1.6942821741104126,1.2428330183029175,1.5048303604125977,301,301,,,,,
,,,301,301,78.7512435913086,,,67.93195343017578,36.06430435180664
1.7153229713439941,1.2438313961029053,1.5716384649276733,302,302,,,,,
,,,302,302,46.80831527709961,,,40.143272399902344,22.216812133789062
1.7392853498458862,1.2449852228164673,1.6476669311523438,303,303,,,,,
,,,303,303,55.90572738647461,,,47.844181060791016,26.8718204498291
1.7581766843795776,1.245971918106079,1.7073490619659424,304,304,,,,,
,,,304,304,18.084457397460938,,,15.265765190124512,9.39564037322998
1.7593159675598145,1.246651530265808,1.7088816165924072,305,305,,,,,
,,,305,305,39.515716552734375,,,33.63594055175781,19.5992488861084
1.7561767101287842,1.247094750404358,1.6969397068023682,306,306,,,,,
,,,306,306,20.476564407348633,,,17.348499298095703,10.426880836486816
1.7469618320465088,1.2473294734954834,1.6654412746429443,307,307,,,,,
,,,307,307,44.96070861816406,,,38.40300369262695,21.859018325805664
1.7294663190841675,1.2472164630889893,1.6074994802474976,308,308,,,,,
,,,308,308,33.96268844604492,,,29.023195266723633,16.46497917175293
1.717858076095581,1.2473739385604858,1.5682802200317383,309,309,,,,,
,,,309,309,63.15156936645508,,,54.31258010864258,29.46331214904785
1.7088054418563843,1.2473796606063843,1.5380859375,310,310,,,,,
,,,310,310,40.87567901611328,,,35.11555099487305,19.20042610168457
1.6950433254241943,1.2472319602966309,1.4927043914794922,311,311,,,,,
,,,311,311,52.6784782409668,,,45.347408294677734,24.4368839263916
1.6797993183135986,1.2471363544464111,1.4422099590301514,312,312,,,,,
,,,312,312,80.06613159179688,,,69.12754821777344,36.461936950683594
1.635630488395691,1.2468618154525757,1.2958954572677612,313,313,,,,,
,,,313,313,54.70005416870117,,,47.36201858520508,24.46009063720703
1.6164666414260864,1.2468109130859375,1.2321857213974,314,314,,,,,
,,,314,314,34.23808288574219,,,29.614023208618164,15.413524627685547
1.6089389324188232,1.2470487356185913,1.2063004970550537,315,315,,,,,
,,,315,315,52.46391677856445,,,45.47554397583008,23.29456329345703
1.5399067401885986,1.2462986707687378,0.9786937236785889,316,316,,,,,
,,,316,316,106.6876220703125,,,92.29143524169922,47.98728561401367
1.4636204242706299,1.2447781562805176,0.7294743061065674,317,317,,,,,
,,,317,317,59.5930290222168,,,50.15853500366211,31.44830894470215
1.4355530738830566,1.2432440519332886,0.6410301327705383,318,318,,,,,
,,,318,318,57.48759078979492,,,46.72920608520508,35.86125946044922
1.4284543991088867,1.2413667440414429,0.6236253380775452,319,319,,,,,
,,,319,319,44.18193435668945,,,34.78109359741211,31.336130142211914
1.4264897108078003,1.2396056652069092,0.6229469180107117,320,320,,,,,
,,,320,320,21.860313415527344,,,17.160560607910156,15.665839195251465
1.4251184463500977,1.2384135723114014,0.6223495602607727,321,321,,,,,
,,,321,321,12.554125785827637,,,9.91749382019043,8.788769721984863
1.4261903762817383,1.2391177415847778,0.6235752701759338,322,322,,,,,
,,,322,322,37.879093170166016,,,29.81633186340332,26.875869750976562
1.4274442195892334,1.2398403882980347,0.6253458857536316,323,323,,,,,
,,,323,323,45.08162307739258,,,35.553001403808594,31.76207160949707
1.428786277770996,1.2403043508529663,0.628273069858551,324,324,,,,,
,,,324,324,55.74848556518555,,,44.62479019165039,37.07897186279297
1.4303908348083496,1.2409828901290894,0.6313598155975342,325,325,,,,,
,,,325,325,22.856966018676758,,,18.3031063079834,15.17953109741211
1.4324272871017456,1.241462230682373,0.6365503072738647,326,326,,,,,
,,,326,326,29.747278213500977,,,23.878625869750977,19.562171936035156
1.434999942779541,1.2416750192642212,0.644416332244873,327,327,,,,,
,,,327,327,21.248531341552734,,,17.297767639160156,13.169208526611328
1.4384657144546509,1.2417597770690918,0.6556863784790039,328,328,,,,,
,,,328,328,27.986785888671875,,,22.989091873168945,16.658977508544922
1.442349910736084,1.2418429851531982,0.66835618019104,329,329,,,,,
,,,329,329,21.182453155517578,,,17.416275024414062,12.55392837524414
1.4469962120056152,1.242391586303711,0.6820155382156372,330,330,,,,,
,,,330,330,33.337284088134766,,,27.5550594329834,19.274084091186523
1.4535140991210938,1.242895483970642,0.7020620703697205,331,331,,,,,
,,,331,331,8.341148376464844,,,6.983225345611572,4.5264081954956055
1.4548931121826172,1.2433453798294067,0.7051591873168945,332,332,,,,,
,,,332,332,37.38021469116211,,,31.204198837280273,20.586719512939453
1.4545496702194214,1.2435235977172852,0.7034203410148621,333,333,,,,,
,,,333,333,15.312678337097168,,,12.7905855178833,8.406975746154785
1.4520460367202759,1.2434371709823608,0.6953628063201904,334,334,,,,,
,,,334,334,15.997965812683105,,,13.312024116516113,8.953131675720215
1.448886752128601,1.2433668375015259,0.6850664019584656,335,335,,,,,
,,,335,335,26.132604598999023,,,21.589937210083008,15.142224311828613
1.4466686248779297,1.2432745695114136,0.6779803037643433,336,336,,,,,
,,,336,336,19.174694061279297,,,15.7182035446167,11.52163314819336
1.4451888799667358,1.243078589439392,0.6737011075019836,337,337,,,,,
,,,337,337,16.598072052001953,,,13.764958381652832,9.44371223449707
1.4433611631393433,1.2430427074432373,0.6677281260490417,338,338,,,,,
,,,338,338,27.724821090698242,,,22.84595489501953,16.26288604736328
1.4417431354522705,1.2431483268737793,0.661982536315918,339,339,,,,,
,,,339,339,16.91460418701172,,,13.782307624816895,10.440988540649414
1.4410167932510376,1.2433685064315796,0.6588274240493774,340,340,,,,,
,,,340,340,13.50224781036377,,,10.983683586120605,8.395215034484863
1.4406450986862183,1.2435024976730347,0.657141923904419,341,341,,,,,
,,,341,341,12.552990913391113,,,10.224571228027344,7.761399745941162
1.4409220218658447,1.2433732748031616,0.6584958434104919,342,342,,,,,
,,,342,342,62.10200500488281,,,50.300472259521484,39.33843994140625
1.4420933723449707,1.2430585622787476,0.6634491682052612,343,343,,,,,
,,,343,343,23.933454513549805,,,19.620952606201172,14.375007629394531
1.4434444904327393,1.2428714036941528,0.6685768365859985,344,344,,,,,
,,,344,344,17.678050994873047,,,14.467223167419434,10.702757835388184
1.4458959102630615,1.2426426410675049,0.6775109767913818,345,345,,,,,
,,,345,345,12.257556915283203,,,10.03799057006836,7.398552417755127
1.4490447044372559,1.242506980895996,0.6884589195251465,346,346,,,,,
,,,346,346,36.63534164428711,,,30.128896713256836,21.688156127929688
1.454232931137085,1.2423181533813477,0.7063827514648438,347,347,,,,,
,,,347,347,38.12507629394531,,,31.69269371032715,21.44127655029297
1.4606869220733643,1.2422317266464233,0.7281840443611145,348,348,,,,,
,,,348,348,18.197532653808594,,,15.153231620788574,10.14767074584961
1.4707889556884766,1.242114782333374,0.7622473835945129,349,349,,,,,
,,,349,349,76.45332336425781,,,64.397216796875,40.18703079223633
1.4796900749206543,1.2421454191207886,0.7918152809143066,350,350,,,,,
,,,350,350,26.844152450561523,,,22.836915969848633,13.35745620727539
1.4852681159973145,1.242419958114624,0.8094938397407532,351,351,,,,,
,,,351,351,29.236236572265625,,,24.7827205657959,14.845053672790527
1.4914385080337524,1.242571473121643,0.8295565843582153,352,352,,,,,
,,,352,352,16.107614517211914,,,13.631591796875,8.253408432006836
1.5014792680740356,1.2426836490631104,0.8626520037651062,353,353,,,,,
,,,353,353,40.34853744506836,,,34.425750732421875,19.742616653442383
1.5161573886871338,1.2427939176559448,0.9112115502357483,354,354,,,,,
,,,354,354,32.26908874511719,,,27.63014793395996,15.463138580322266
1.5352120399475098,1.2428079843521118,0.9746799468994141,355,355,,,,,
,,,355,355,11.965949058532715,,,10.25351333618164,5.708118915557861
1.554738163948059,1.2428083419799805,1.0397659540176392,356,356,,,,,
,,,356,356,39.08723068237305,,,33.729827880859375,17.85800552368164
1.5736174583435059,1.2426824569702148,1.103116512298584,357,357,,,,,
,,,357,357,35.804931640625,,,30.97188377380371,16.11016082763672
1.5943186283111572,1.242727279663086,1.1719712018966675,358,358,,,,,
,,,358,358,30.32261085510254,,,26.213258743286133,13.697844505310059
1.6185660362243652,1.2426247596740723,1.2531377077102661,359,359,,,,,
,,,359,359,14.354835510253906,,,12.322842597961426,6.773306369781494
1.6366238594055176,1.2426449060440063,1.313262939453125,360,360,,,,,
,,,360,360,14.640902519226074,,,12.55185604095459,6.963489055633545
1.6509678363800049,1.242758870124817,1.3606963157653809,361,361,,,,,
,,,361,361,13.291033744812012,,,11.369980812072754,6.403509616851807
1.6647367477416992,1.2428607940673828,1.4062533378601074,362,362,,,,,
,,,362,362,50.34361267089844,,,43.5048828125,22.795761108398438
1.6771920919418335,1.2428410053253174,1.4478367567062378,363,363,,,,,
,,,363,363,10.739360809326172,,,9.10021686553955,5.463812351226807
1.685788631439209,1.242885708808899,1.4763429164886475,364,364,,,,,
,,,364,364,6.6847381591796875,,,5.585775852203369,3.6632068157196045
1.6925361156463623,1.2430709600448608,1.4982171058654785,365,365,,,,,
,,,365,365,15.698711395263672,,,13.395522117614746,7.677298069000244
1.699896216392517,1.2431212663650513,1.522583246231079,366,366,,,,,
,,,366,366,9.451003074645996,,,7.962274551391602,4.962429523468018
1.7056689262390137,1.243218183517456,1.5415024757385254,367,367,,,,,
,,,367,367,21.457788467407227,,,18.326772689819336,10.436728477478027
1.7104074954986572,1.2431848049163818,1.5574088096618652,368,368,,,,,
,,,368,368,6.8768792152404785,,,5.709453582763672,3.891420364379883
1.7139840126037598,1.243284821510315,1.5689970254898071,369,369,,,,,
,,,369,369,7.009622097015381,,,5.827585697174072,3.940119504928589
1.718174934387207,1.2432583570480347,1.5830552577972412,370,370,,,,,
,,,370,370,13.097987174987793,,,11.103379249572754,6.648687839508057
1.722730040550232,1.2432585954666138,1.5982379913330078,371,371,,,,,
,,,371,371,10.897374153137207,,,9.193161964416504,5.680706024169922
1.7270139455795288,1.243097186088562,1.613055944442749,372,372,,,,,
,,,372,372,9.973188400268555,,,8.358098983764648,5.383630752563477
1.7312631607055664,1.2429414987564087,1.6277389526367188,373,373,,,,,
,,,373,373,4.8784942626953125,,,3.9675371646881104,3.0365238189697266
1.7351198196411133,1.242763876914978,1.641186237335205,374,374,,,,,
,,,374,374,10.277359962463379,,,8.64401912689209,5.444469928741455
1.7391719818115234,1.242590308189392,1.6552720069885254,375,375,,,,,
,,,375,375,15.772326469421387,,,13.32654094696045,8.152613639831543
1.7419922351837158,1.2424333095550537,1.665196418762207,376,376,,,,,
,,,376,376,21.96014976501465,,,18.653827667236328,11.021072387695312
1.7445533275604248,1.2422817945480347,1.6742384433746338,377,377,,,,,
,,,377,377,12.34460735321045,,,10.38153076171875,6.543588638305664
1.7468936443328857,1.2420746088027954,1.6827301979064941,378,378,,,,,
,,,378,378,8.813238143920898,,,7.341657638549805,4.905267238616943
1.7490277290344238,1.2417986392974854,1.6907635927200317,379,379,,,,,
,,,379,379,12.370285034179688,,,10.404972076416016,6.551044464111328
1.751022458076477,1.24154794216156,1.6982483863830566,380,380,,,,,
,,,380,380,8.358959197998047,,,6.942775249481201,4.720613479614258
1.7528526782989502,1.2411983013153076,1.7055143117904663,381,381,,,,,
,,,381,381,33.52839660644531,,,28.528078079223633,16.667724609375
1.7542741298675537,1.2408392429351807,1.7114497423171997,382,382,,,,,
,,,382,382,5.574646472930908,,,4.571008205413818,3.345460891723633
1.7556564807891846,1.2404998540878296,1.7171885967254639,383,383,,,,,
,,,383,383,8.724690437316895,,,7.261852741241455,4.876125335693359
1.75641667842865,1.2401224374771118,1.7209806442260742,384,384,,,,,
,,,384,384,11.0730619430542,,,9.259766578674316,6.04431676864624
1.7570991516113281,1.239755392074585,1.724479079246521,385,385,,,,,
,,,385,385,28.698270797729492,,,24.41278648376465,14.284945487976074
1.7570067644119263,1.239335298538208,1.7255713939666748,386,386,,,,,
,,,386,386,21.847002029418945,,,18.481449127197266,11.218506813049316
1.755640983581543,1.2389497756958008,1.722303867340088,387,387,,,,,
,,,387,387,22.026336669921875,,,18.63764762878418,11.295628547668457
1.7531259059906006,1.238572597503662,1.7151776552200317,388,388,,,,,
,,,388,388,9.269031524658203,,,7.7042236328125,5.216024875640869
1.7502012252807617,1.2382737398147583,1.7064249515533447,389,389,,,,,
,,,389,389,51.55990219116211,,,43.88852310180664,25.57126808166504
