{
  "best_cfg": {
    "data": "/home/lxx/EDMD/data/cyc_train110.npy",
    "dt": 1.1,
    "polyorder": 5,
    "g_dim": 45,
    "width": 64,
    "depth": 4,
    "dropout": 0.45,
    "epochs_A": 90,
    "epochs_B": 140,
    "lrA": 0.002,
    "lrB_start": 0.003,
    "lrB_end": 0.0003,
    "decayA_last_frac": 0.3,
    "decayA_min_ratio": 0.2,
    "lam_phi": 3e-10,
    "lam_g": 5.136090547247799e-06,
    "lam_full": 9.063515960943416e-07,
    "rollout_B": 16,
    "beta_align": 0.0333854970875894,
    "batch_size": 1024,
    "num_workers": 3,
    "grad_clip": 1.0,
    "val_split": 0.2,
    "seed": 3407,
    "outdir": "/home/lxx/EDMD_result/cyc/poly_5/edmd_runs_vdp110/tuning_dt1.100_poly5/trial_0037",
    "true_coeff_json": "[[1,-3],[3,1],[0,0],[0,0],[0,0],[-1,0],[0,-1],[-1,0],[0,-1]]",
    "devices": 1,
    "precision": "32-true",
    "max_epochs": -1,
    "tune": false,
    "n_trials": 9999,
    "tune_timeout": 0,
    "tune_save_trials": 0,
    "hp_json": "",
    "top_r": 4
  },
  "dt": 1.1,
  "nrmse_at_best": 0.8492190444513184,
  "val_rollout_mse": 0.20801186521345838
}