{
  "best_cfg": {
    "data": "/home/zzx/project_lions/limitcycle/cyc_train100.npy",
    "dt": 1.0,
    "polyorder": 5,
    "g_dim": 45,
    "width": 128,
    "depth": 5,
    "dropout": 0.4,
    "epochs_A": 100,
    "epochs_B": 240,
    "lrA": 0.002,
    "lrB_start": 0.003,
    "lrB_end": 0.0003,
    "decayA_last_frac": 0.3,
    "decayA_min_ratio": 0.2,
    "lam_phi": 3e-10,
    "lam_g": 3.0065835128302817e-07,
    "lam_full": 3.7981441526805386e-06,
    "rollout_B": 16,
    "beta_align": 0.0014858892582118182,
    "batch_size": 1024,
    "num_workers": 3,
    "grad_clip": 1.0,
    "val_split": 0.2,
    "seed": 3407,
    "outdir": "result/poly_5/edmd_runs_100/tuning_dt1.000_poly5/trial_0426",
    "true_coeff_json": "[[1,-3],[3,1],[0,0],[0,0],[0,0],[-1,0],[0,-1],[-1,0],[0,-1]]",
    "devices": 1,
    "precision": "32-true",
    "max_epochs": -1,
    "tune": false,
    "n_trials": 9999,
    "tune_timeout": 0,
    "tune_save_trials": 0,
    "hp_json": "",
    "top_r": 4
  },
  "dt": 1.0,
  "score": 0.12661121873540762,
  "nrmse_at_best": 0.16886218724709776
}