epoch,step,train/align,train/loss,train/main,train/rollout_avg,train/step1,val/loss,val/rollout_avg,val/step1
0,10,,,,,,7.349751831497997e-05,5.9096892073284835e-05,5.576844705501571e-05
0,10,0.9872310161590576,0.9872370958328247,6.187372036947636e-06,,,,,
1,21,,,,,,7.410075340885669e-05,5.9749025240307674e-05,5.617604620056227e-05
1,21,0.00016775503172539175,0.00017096214287448674,3.2071443456516135e-06,,,,,
2,32,,,,,,8.491766493534669e-05,7.144724804675207e-05,6.348349415929988e-05
2,32,0.0001546013227198273,0.00015631951100658625,1.718188400445797e-06,,,,,
3,43,,,,,,9.392825450049713e-05,8.119140693452209e-05,6.957082950975746e-05
3,43,0.0018080223817378283,0.0018091080710291862,1.085766484720807e-06,,,,,
4,54,,,,,,0.00010074149031424895,8.855981286615133e-05,7.41735493647866e-05
4,54,0.00017431448213756084,0.00017518778622616082,8.732874334782537e-07,,,,,
5,65,,,,,,0.00010853179992409423,9.698404028313234e-05,7.94365769252181e-05
5,65,0.00013179951929487288,0.00013253552606329322,7.359916480709217e-07,,,,,
6,76,,,,,,0.00011604581231949851,0.00010511017171666026,8.4512765170075e-05
6,76,0.00022195198107510805,0.00022258741955738515,6.354495099003543e-07,,,,,
7,87,,,,,,0.00012231750588398427,0.00011189357610419393,8.874941704561934e-05
7,87,0.0002546301402617246,0.00025520738563500345,5.772313897978165e-07,,,,,
8,98,,,,,,0.0001273887319257483,0.00011737782915588468,9.217536717187613e-05
8,98,0.0003518963640090078,0.00035243824822828174,5.418701221060473e-07,,,,,
9,109,,,,,,0.00013038291945122182,0.00012061410961905494,9.419869456905872e-05
9,109,0.004889198113232851,0.004889741074293852,5.427758082987566e-07,,,,,
10,120,,,,,,0.0001344722550129518,0.000125037448015064,9.696100460132584e-05
10,120,0.0002488794852979481,0.00024949913495220244,6.196451636242273e-07,,,,,
11,131,,,,,,0.00013887703244108707,0.00012980094470549375,9.993674757424742e-05
11,131,0.00045504161971621215,0.00045565504115074873,6.134041541372426e-07,,,,,
12,142,,,,,,0.00014580809511244297,0.0001372965198243037,0.00010461913916515186
12,142,0.02854970097541809,0.028550278395414352,5.771222504336038e-07,,,,,
13,153,,,,,,0.00015166905359365046,0.00014363563968800008,0.000108578366052825
13,153,5.911090920562856e-05,5.974541272735223e-05,6.345024416987144e-07,,,,,
14,164,,,,,,0.00015760076348669827,0.00015005041495896876,0.0001125856360886246
14,164,0.002340958919376135,0.0023415822070091963,6.228520987860975e-07,,,,,
15,175,,,,,,0.00016369263175874949,0.00015663783415220678,0.00011670127423712984
15,175,0.0004999884404242039,0.0005006371065974236,6.486290544671647e-07,,,,,
16,186,,,,,,0.00016878308088053018,0.00016214324568863958,0.00012014010280836374
16,186,8.335075108334422e-05,8.395202166866511e-05,6.012768380969646e-07,,,,,
17,197,,,,,,0.00017063281848095357,0.00016414302808698267,0.00012138990132370964
17,197,0.0006018441054038703,0.0006023853202350438,5.412543941929471e-07,,,,,
18,208,,,,,,0.00017314452270511538,0.0001668596814852208,0.0001230866037076339
18,208,0.0004317892889957875,0.00043230754090473056,5.182428708394582e-07,,,,,
19,219,,,,,,0.00017726478108670563,0.0001713172096060589,0.00012586962839122862
19,219,0.0012408517068251967,0.0012413550866767764,5.033451202507422e-07,,,,,
20,230,,,,,,0.00017713459965307266,0.00017117548850364983,0.00012578193855006248
20,230,0.0033310274593532085,0.0033315191976726055,4.912623126074322e-07,,,,,
21,241,,,,,,0.00017561757704243064,0.0001695347746135667,0.00012475713447201997
21,241,0.00014007174468133599,0.0001405644725309685,4.927291570311354e-07,,,,,
22,252,,,,,,0.00017869721341412514,0.00017286570800933987,0.00012683750537689775
22,252,0.0001295134861720726,0.000129999389173463,4.859028877035598e-07,,,,,
23,263,,,,,,0.00017862832464743406,0.00017279040184803307,0.0001267912011826411
23,263,0.00018540691235102713,0.000185885772225447,4.788607270711509e-07,,,,,
24,274,,,,,,0.00017899918020702899,0.00017319385369773954,0.00012704101391136646
24,274,6.482438766397536e-05,6.52895905659534e-05,4.6520642627001507e-07,,,,,
25,285,,,,,,0.00017803745868150145,0.00017215208208654076,0.00012639182386919856
25,285,0.0008077862439677119,0.0008082388085313141,4.5261799641593825e-07,,,,,
26,296,,,,,,0.0001792521943571046,0.00017346313688904047,0.0001272132503800094
26,296,0.00020875860354863107,0.00020922417752444744,4.655661598462757e-07,,,,,
27,307,,,,,,0.0001806918444344774,0.00017502169066574425,0.00012818534742109478
27,307,7.98221881268546e-05,8.0295474617742e-05,4.732884804070636e-07,,,,,
28,318,,,,,,0.00018123845802620053,0.00017561137792654335,0.00012855503882747144
28,318,0.00013206999574322253,0.00013253263023216277,4.6264159436759655e-07,,,,,
29,329,,,,,,0.00018337341316509992,0.00017792248399928212,0.00012999666796531528
29,329,0.0001401348999934271,0.00014058459782972932,4.4970832391300064e-07,,,,,
30,340,,,,,,0.00018325862765777856,0.0001777955621946603,0.00012991995026823133
30,340,0.00019285405869595706,0.00019329271162860096,4.38613682263167e-07,,,,,
31,351,,,,,,0.00018426100723445415,0.00017888154252432287,0.00013059655611868948
31,351,0.00031944215879775584,0.0003198769118171185,4.3477797362356796e-07,,,,,
32,362,,,,,,0.00018397199164610356,0.00017856998601928353,0.00013040099292993546
32,362,0.00010232931526843458,0.00010276063403580338,4.3131956317665754e-07,,,,,
33,373,,,,,,0.000182306335773319,0.00017676835705060512,0.0001292758242925629
33,373,0.03503859043121338,0.03503907471895218,4.846581305173459e-07,,,,,
34,384,,,,,,0.00017970026237890124,0.0001739505969453603,0.00012751507165376097
34,384,0.00024184641370084137,0.00024248940462712198,6.429925747397647e-07,,,,,
35,395,,,,,,0.00017872788885142654,0.00017289738752879202,0.00012685864930972457
35,395,0.00029766475199721754,0.00029827552498318255,6.107963486101653e-07,,,,,
36,406,,,,,,0.00018127165094483644,0.00017564791778568178,0.00012857725960202515
36,406,0.03306286782026291,0.03306343033909798,5.629255497296981e-07,,,,,
37,417,,,,,,0.00018026877660304308,0.00017456522618886083,0.0001278992131119594
37,417,0.002295524813234806,0.0022960887290537357,5.63834248623607e-07,,,,,
38,428,,,,,,0.00018378540698904544,0.0001783684710972011,0.0001302748714806512
38,428,0.0003915093548130244,0.00039202786865644157,5.185270310903434e-07,,,,,
39,439,,,,,,0.00018549320520833135,0.00018021387222688645,0.00013142902753315866
39,439,0.0007672665524296463,0.0007677471730858088,4.805553999176482e-07,,,,,
40,450,,,,,,0.0001859396870713681,0.0001806963700801134,0.0001317307905992493
40,450,0.0007789306691847742,0.0007793820113874972,4.513875637712772e-07,,,,,
41,461,,,,,,0.00018553572590462863,0.00018026059842668474,0.0001314575201831758
41,461,0.0008231173269450665,0.0008235560962930322,4.3872620381080196e-07,,,,,
42,472,,,,,,0.00018604780780151486,0.0001808152737794444,0.00013180320092942566
42,472,8.065541624091566e-05,8.108154725050554e-05,4.2612938955244317e-07,,,,,
43,483,,,,,,0.0001857549650594592,0.00018049892969429493,0.00013160525122657418
43,483,0.0006459109135903418,0.0006463284371420741,4.1755669144549756e-07,,,,,
44,494,,,,,,0.00018777724471874535,0.00018268506391905248,0.00013297169061843306
44,494,0.009220304898917675,0.009220725856721401,4.2186601945104485e-07,,,,,
45,505,,,,,,0.00018584645295049995,0.0001805957144824788,0.0001316677371505648
45,505,0.00027017193497158587,0.0002706299419514835,4.5796235781381256e-07,,,,,
46,516,,,,,,0.00018700530927162617,0.00018184732471127063,0.00013245111040305346
46,516,0.0007865842781029642,0.0007870353874750435,4.51116676458696e-07,,,,,
47,527,,,,,,0.00018441655265633017,0.00017904840933624655,0.0001307020429521799
47,527,0.0015417789109051228,0.001542222686111927,4.438925316208042e-07,,,,,
48,538,,,,,,0.00018615105364006013,0.00018092479149345309,0.00013187361764721572
48,538,0.005332141648977995,0.005332592409104109,4.511668691975501e-07,,,,,
49,549,,,,,,0.00018641848873812705,0.00018121206085197628,0.00013205486175138503
49,549,0.00012622072244994342,0.00012669472198467702,4.7400214953086106e-07,,,,,
50,560,,,,,,0.00018784207350108773,0.00018275358888786286,0.00013301600120030344
50,560,0.0005530041526071727,0.0005534611991606653,4.5708446805292624e-07,,,,,
51,571,,,,,,0.00018675290630199015,0.00018157847807742655,0.00013227935414761305
51,571,8.25679671834223e-05,8.300483750645071e-05,4.3686750927918183e-07,,,,,
52,582,,,,,,0.000186213364941068,0.00018099475710187107,0.00013191493053454906
52,582,0.005101845134049654,0.005102270748466253,4.2519997123235953e-07,,,,,
53,593,,,,,,0.0001867445243988186,0.00018156488658860326,0.00013227506133262068
53,593,0.0015727310674265027,0.0015731516759842634,4.205296875170461e-07,,,,,
54,604,,,,,,0.0001867798564489931,0.0001816088188206777,0.00013229720934759825
54,604,0.00047130632447078824,0.0004717212577816099,4.14929189673785e-07,,,,,
55,615,,,,,,0.00018652220023795962,0.0001813252456486225,0.00013212462363298982
55,615,0.0011190877994522452,0.001119507011026144,4.1905161651811795e-07,,,,,
56,626,,,,,,0.0001876784226624295,0.00018257556075695902,0.00013290575589053333
56,626,0.000371160771464929,0.00037158088525757194,4.201302203910018e-07,,,,,
57,637,,,,,,0.0001878531475085765,0.00018276397895533592,0.00013302396109793335
57,637,0.0009081931784749031,0.0009086073259823024,4.1425394670113747e-07,,,,,
58,648,,,,,,0.00018831982742995024,0.00018326730059925467,0.00013333965034689754
58,648,0.00016104811220429838,0.00016146327834576368,4.151674772856495e-07,,,,,
59,659,,,,,,0.00018729544535744935,0.00018216569151263684,0.00013264574226923287
59,659,0.0003414525417611003,0.00034186310949735343,4.1056782151827065e-07,,,,,
60,670,,,,,,0.0001896165922516957,0.00018467161862645298,0.0001342150935670361
60,670,0.00013368557847570628,0.00013409672828856856,4.111711859877687e-07,,,,,
61,681,,,,,,0.00018499957513995469,0.00017968009342439473,0.00013109554129187018
61,681,0.09838618338108063,0.09838676452636719,5.684030384145444e-07,,,,,
62,692,,,,,,0.00018153524433728307,0.0001759345323080197,0.00012875489483121783
62,692,5.702843191102147e-05,5.863870319444686e-05,1.610272420293768e-06,,,,,
63,703,,,,,,0.00018195107986684889,0.00017638393910601735,0.00012903587776236236
63,703,7.920017378637567e-05,7.990485028130934e-05,7.046742780403292e-07,,,,,
64,714,,,,,,0.00018154513963963836,0.00017593946540728211,0.00012876332039013505
64,714,7.861806807341054e-05,7.913019362604246e-05,5.121269737173861e-07,,,,,
65,725,,,,,,0.00018088573415298015,0.00017522883717902005,0.00012831707135774195
65,725,6.98931107763201e-05,7.032707799226046e-05,4.339683812304429e-07,,,,,
66,736,,,,,,0.00018165222718380392,0.00017606434994377196,0.00012883292220067233
66,736,0.0008871660684235394,0.0008875803323462605,4.1420662455493584e-07,,,,,
67,747,,,,,,0.00018277981143910438,0.00017727937665767968,0.00012959599553141743
67,747,5.3765001212013885e-05,5.4187454225029796e-05,4.2245486042702396e-07,,,,,
68,758,,,,,,0.00018254958558827639,0.00017703631601762027,0.00012943868932779878
68,758,0.0015681743388995528,0.0015685971593484282,4.2303219061068376e-07,,,,,
69,769,,,,,,0.00018146858201362193,0.0001758621510816738,0.0001287099439650774
69,769,0.0010522905504330993,0.0010527095291763544,4.1915387782864855e-07,,,,,
70,780,,,,,,0.00018152060511056334,0.00017592121730558574,0.00012874422827735543
70,780,8.343077934114262e-05,8.384007378481328e-05,4.093076597655454e-07,,,,,
71,791,,,,,,0.00018148584058508277,0.00017588069022167474,0.000128721643704921
71,791,3.108860255451873e-05,3.1494251743424684e-05,4.0565458903074614e-07,,,,,
72,802,,,,,,0.00018152892880607396,0.0001759279111865908,0.000128750572912395
72,802,0.00013658651732839644,0.00013698538532480597,3.988758408013382e-07,,,,,
73,813,,,,,,0.0001810630492400378,0.00017542786372359842,0.00012843470904044807
73,813,0.0003467875940259546,0.0003471887030173093,4.011309329143842e-07,,,,,
74,824,,,,,,0.0001803091581678018,0.00017461089009884745,0.00012792590132448822
74,824,0.00036899728002026677,0.00036939638084731996,3.99087269897791e-07,,,,,
75,835,,,,,,0.0001811817055568099,0.0001755557459546253,0.00012851497740484774
75,835,0.00013159812078811228,0.0001319957955274731,3.976558105023287e-07,,,,,
76,846,,,,,,0.00018175212608184665,0.00017616729019209743,0.00012890194193460047
76,846,5.9364032495068386e-05,5.9763220633612946e-05,3.9918643324199365e-07,,,,,
77,857,,,,,,0.00018124451162293553,0.00017561954155098647,0.00012855863315053284
77,857,0.00018777724471874535,0.00018817766977008432,4.004467939466849e-07,,,,,
78,868,,,,,,0.00017515968647785485,0.00016904070798773319,0.00012444746971596032
78,868,0.02311018481850624,0.023110656067728996,4.718783088719647e-07,,,,,
79,879,,,,,,0.00017701380420476198,0.00017104718426708132,0.00012569964746944606
79,879,0.00045845945714972913,0.0004590096650645137,5.501768782778527e-07,,,,,
80,890,,,,,,0.0001787003711797297,0.00017286815273109823,0.00012683992099482566
80,890,4.536395499599166e-05,4.586142676998861e-05,4.974692160431005e-07,,,,,
81,901,,,,,,0.00018169671238865703,0.00017610425129532814,0.00012886541662737727
81,901,9.982058691093698e-05,0.00010027037933468819,4.497839825035044e-07,,,,,
82,912,,,,,,0.0001820702018449083,0.0001765158522175625,0.00012911544763483107
82,912,4.982000609743409e-05,5.025087739340961e-05,4.308698748900497e-07,,,,,
83,923,,,,,,0.0001799127203412354,0.00017417786875739694,0.00012765935389325023
83,923,0.006374307442456484,0.006374727003276348,4.2026039182019304e-07,,,,,
84,934,,,,,,0.0001825534418458119,0.00017703697085380554,0.00012944237096235156
84,934,5.7859462685883045e-05,5.829545989399776e-05,4.359946785825741e-07,,,,,
85,945,,,,,,0.00018367775192018598,0.0001782524341251701,0.000130202024593018
85,945,0.00034516220330260694,0.0003455893893260509,4.271948057521513e-07,,,,,
86,956,,,,,,0.00018427865870762616,0.00017889727314468473,0.00013060946366749704
86,956,4.753593748318963e-05,4.7957557399058715e-05,4.2162119484601135e-07,,,,,
87,967,,,,,,0.000185590295586735,0.00018032554362434894,0.00013149264850653708
87,967,8.523128781234846e-05,8.564502786612138e-05,4.1373672843292297e-07,,,,,
88,978,,,,,,0.00018482744053471833,0.00017949046741705388,0.00013098030467517674
88,978,5.511424387805164e-05,5.55218975932803e-05,4.076568131949898e-07,,,,,
89,989,,,,,,0.00018523178005125374,0.0001799340097932145,0.0001312515523750335
89,989,0.00013004717766307294,0.00013046622916590422,4.190455058505904e-07,,,,,
90,1000,,,,,,0.00018583270139060915,0.00018058072600979358,0.00013165848213247955
90,1000,8.705838990863413e-05,8.74488105182536e-05,3.904170284840802e-07,,,,,
91,1011,,,,,,0.00018471098155714571,0.0001793631527107209,0.00013090204447507858
91,1011,0.0008098370744846761,0.0008102245046757162,3.87364877951768e-07,,,,,
92,1022,,,,,,0.00018520955927670002,0.00017990688502322882,0.00013123748067300767
92,1022,4.8355832404922694e-05,4.874666774412617e-05,3.908404551111744e-07,,,,,
93,1033,,,,,,0.00018536222341936082,0.00018006980826612562,0.00013134129403624684
93,1033,0.00013410930114332587,0.0001345027849311009,3.9349106373265386e-07,,,,,
94,1044,,,,,,0.00018525123596191406,0.00017994618974626064,0.00013126738485880196
94,1044,5.182854874874465e-05,5.221163519308902e-05,3.8308539274112263e-07,,,,,
95,1055,,,,,,0.00018553418340161443,0.00018025861936621368,0.00013145660341251642
95,1055,0.0007220859406515956,0.0007224689470604062,3.8294714954645315e-07,,,,,
96,1066,,,,,,0.0001857295137597248,0.00018046668265014887,0.00013158952060621232
96,1066,0.0025277689564973116,0.002528159413486719,3.90823657880901e-07,,,,,
97,1077,,,,,,0.00018678404740057886,0.00018160724721383303,0.00013230188051238656
97,1077,0.00021101057063788176,0.00021140331227798015,3.927386842406122e-07,,,,,
98,1088,,,,,,0.00018647500837687403,0.0001812697300920263,0.00013209407916292548
98,1088,0.0006693337927572429,0.0006697261123917997,3.9231909454429115e-07,,,,,
99,1099,,,,,,0.00018558978626970202,0.00018031720537692308,0.00013149462756700814
99,1099,6.343498534988612e-05,6.38295678072609e-05,3.9458055312024953e-07,,,,,
100,1110,,,,,,0.0001849247346399352,0.0001795975840650499,0.00013104545359965414
100,1110,6.969398964429274e-05,7.008625834714621e-05,3.9226907233569364e-07,,,,,
101,1121,,,,,,0.00018490046204533428,0.00017957545060198754,0.00013102783123031259
101,1121,6.003526141284965e-05,6.0424448747653514e-05,3.8918341260796296e-07,,,,,
102,1132,,,,,,0.0001848794345278293,0.00017954515351448208,0.0001310158841079101
102,1132,0.0004751638334710151,0.0004755540285259485,3.901323566424253e-07,,,,,
103,1143,,,,,,0.00018504027684684843,0.00017971816123463213,0.00013112480519339442
103,1143,7.0885282184463e-05,7.127661956474185e-05,3.9133718132688955e-07,,,,,
104,1154,,,,,,0.00018374937644694,0.00017832785670179874,0.00013025100633967668
104,1154,0.0006961044855415821,0.0006964905187487602,3.8603786833846243e-07,,,,,
105,1165,,,,,,0.00018359452951699495,0.00017816411855164915,0.00013014530122745782
105,1165,7.311834633583203e-05,7.350288797169924e-05,3.8455033291029395e-07,,,,,
106,1176,,,,,,0.00018410218763165176,0.00017870852025225759,0.00013048964319750667
106,1176,0.00010330947407055646,0.00010369331721449271,3.838414102119714e-07,,,,,
107,1187,,,,,,0.0001846544473664835,0.00017930797184817493,0.00013086205581203103
107,1187,6.174854934215546e-05,6.213214510353282e-05,3.835919244465913e-07,,,,,
108,1198,,,,,,0.00018431790522299707,0.00017893458425533026,0.0001306375488638878
108,1198,3.1364808819489554e-05,3.1750598282087594e-05,3.857857109323959e-07,,,,,
109,1209,,,,,,0.00018461074796505272,0.00017926435975823551,0.00013083145313430578
109,1209,0.0005934810033068061,0.0005938636022619903,3.825838348348043e-07,,,,,
110,1220,,,,,,0.00018580204050522298,0.00018054168322123587,0.00013163955009076744
110,1220,0.00035949228913523257,0.0003598758194129914,3.835268671537051e-07,,,,,
111,1231,,,,,,0.00018592897686176002,0.00018068912322632968,0.00013172223407309502
111,1231,0.00018886890029534698,0.00018925583572126925,3.8694923887305777e-07,,,,,
112,1242,,,,,,0.00018499590805731714,0.00017968039901461452,0.0001310918014496565
112,1242,0.0008262716000899673,0.0008266564691439271,3.8481059050354816e-07,,,,,
113,1253,,,,,,0.00018589143292047083,0.00018064759206026793,0.00013169716112315655
113,1253,0.00026326655643060803,0.00026365238591097295,3.858413322177512e-07,,,,,
114,1264,,,,,,0.000186285498784855,0.00018107362848240882,0.00013196340296417475
114,1264,0.00012498022988438606,0.00012536409485619515,3.838753741547407e-07,,,,,
115,1275,,,,,,0.00018633194849826396,0.00018112467660102993,0.00013199454406276345
115,1275,8.367179543711245e-05,8.405462722294033e-05,3.8284011338873825e-07,,,,,
116,1286,,,,,,0.0001852363784564659,0.00017993617802858353,0.00013125552504789084
116,1286,0.0001996684877667576,0.0002000486565520987,3.801509080858523e-07,,,,,
117,1297,,,,,,0.0001857219176599756,0.00018046180775854737,0.00013158336514607072
117,1297,3.1839135772315785e-05,3.221974475309253e-05,3.8060724705246685e-07,,,,,
118,1308,,,,,,0.00018548349908087403,0.0001802003098418936,0.0001314234104938805
118,1308,5.8751717006089166e-05,5.9130139561602846e-05,3.784187185829069e-07,,,,,
119,1319,,,,,,0.00018555072892922908,0.0001802798651624471,0.00013146677520126104
119,1319,3.508942245389335e-05,3.546462903614156e-05,3.7520953810599167e-07,,,,,
120,1330,,,,,,0.00018587810336612165,0.00018063098832499236,0.00013168880832381546
120,1330,9.7698561148718e-05,9.807275637285784e-05,3.741795069345244e-07,,,,,
121,1341,,,,,,0.0001853441062849015,0.000180056260433048,0.00013132723688613623
121,1341,0.0005000841338187456,0.0005004620179533958,3.7784238315907714e-07,,,,,
122,1352,,,,,,0.00018630007980391383,0.00018108286894857883,0.00013197521911934018
122,1352,5.0389509851811454e-05,5.07706354255788e-05,3.8112870015538647e-07,,,,,
123,1363,,,,,,0.00018631690181791782,0.00018110442033503205,0.000131985594634898
123,1363,0.00011730696132872254,0.00011768366675823927,3.7668527852474654e-07,,,,,
124,1374,,,,,,0.0001862840581452474,0.00018106911738868803,0.00013196330110076815
124,1374,2.2055148292565718e-05,2.2432152036344633e-05,3.770030900795973e-07,,,,,
125,1385,,,,,,0.00018547239596955478,0.00018019197159446776,0.0001314147812081501
125,1385,0.00019066674576606601,0.00019104359671473503,3.7686317000407143e-07,,,,,
126,1396,,,,,,0.0001862782082753256,0.00018105960043612868,0.0001319603034062311
126,1396,6.477876740973443e-05,6.515583663713187e-05,3.7707437172684877e-07,,,,,
127,1407,,,,,,0.0001877087925095111,0.00018261057266499847,0.00013292563380673528
127,1407,0.00013969477731734514,0.00014007120626047254,3.7642905681423144e-07,,,,,
128,1418,,,,,,0.00018711754819378257,0.00018196998280473053,0.00013252654753159732
128,1418,0.00016925367526710033,0.00016963349480647594,3.7981666878295073e-07,,,,,
129,1429,,,,,,0.0001869664847617969,0.00018180625920649618,0.0001324246113654226
129,1429,0.00016751607472542673,0.0001678950502537191,3.7899573612776294e-07,,,,,
130,1440,,,,,,0.00018564755737315863,0.00018038284906651825,0.00013153269537724555
130,1440,0.00010735755495261401,0.00010773096437333152,3.7340393532758753e-07,,,,,
131,1451,,,,,,0.00018672985606826842,0.00018155145517084748,0.00013226440933067352
131,1451,6.371947529260069e-05,6.409282650565729e-05,3.7336485547712073e-07,,,,,
132,1462,,,,,,0.00018661322246771306,0.00018142189946956933,0.00013218664389569312
132,1462,6.099269739934243e-05,6.136679439805448e-05,3.7409625974760274e-07,,,,,
133,1473,,,,,,0.00018132937839254737,0.0001757075369823724,0.00012861711729783565
133,1473,0.0018933953251689672,0.001893809880129993,4.1439238884777296e-07,,,,,
134,1484,,,,,,0.00017503595154266804,0.0001689031778369099,0.00012436500401236117
134,1484,0.00023775581212248653,0.00023820102796889842,4.4519484276861476e-07,,,,,
135,1495,,,,,,0.00017633048992138356,0.00017030265007633716,0.00012523970508482307
135,1495,5.8826470194617286e-05,5.923706339672208e-05,4.1059874433813093e-07,,,,,
136,1506,,,,,,0.00017861004744190723,0.00017276898142881691,0.00012677934137172997
136,1506,0.00045585117186419666,0.00045623801997862756,3.868249507377186e-07,,,,,
137,1517,,,,,,0.00018103799084201455,0.00017539894906803966,0.0001284183090319857
137,1517,0.00019617773068603128,0.00019655739015433937,3.796489522756019e-07,,,,,
138,1528,,,,,,0.00018056338012684137,0.00017488389858044684,0.00012809821055270731
138,1528,2.0792216673726216e-05,2.117077019647695e-05,3.7855525647501054e-07,,,,,
139,1539,,,,,,0.00018019284470938146,0.0001744818000588566,0.00012784829596057534
139,1539,0.000205723918043077,0.00020610113278962672,3.772273373670032e-07,,,,,
140,1550,,,,,,0.00018118003208655864,0.00017555525118950754,0.00012851344945374876
140,1550,0.00034248741576448083,0.00034286273876205087,3.753187627353327e-07,,,,,
141,1561,,,,,,0.0001824673090595752,0.00017694002599455416,0.00012938531290274113
141,1561,3.3599902963032946e-05,3.397804539417848e-05,3.78139333179206e-07,,,,,
142,1572,,,,,,0.00018244681996293366,0.00017691493849270046,0.00012937234714627266
142,1572,0.00011178490240126848,0.00011216023995075375,3.75334565205776e-07,,,,,
143,1583,,,,,,0.00018251306028105319,0.0001769918017089367,0.00012941552267875522
143,1583,0.0010758844437077641,0.001076260581612587,3.7623678394993476e-07,,,,,
144,1594,,,,,,0.00018192444986198097,0.00017635634867474437,0.00012901755690108985
144,1594,0.0004276396648492664,0.00042801853851415217,3.788596814047196e-07,,,,,
145,1605,,,,,,0.00018276173796039075,0.00017725657380651683,0.00012958476145286113
145,1605,7.186732545960695e-05,7.224726141430438e-05,3.799277976668236e-07,,,,,
146,1616,,,,,,0.00018370040925219655,0.00017826573457568884,0.000130220694700256
146,1616,2.7732854505302384e-05,2.8111742722103372e-05,3.7888608517278044e-07,,,,,
147,1627,,,,,,0.0001705780887277797,0.00016408493684139103,0.00012135259748902172
147,1627,0.9681094884872437,0.968110203742981,6.111467882874422e-07,,,,,
148,1638,,,,,,0.001412983750924468,0.0015075976261869073,0.0009607045212760568
148,1638,4.3629952415358275e-05,0.002473136642947793,0.0024295065086334944,,,,,
149,1649,,,,,,0.00026046429411508143,0.0002612820826470852,0.00018207967514172196
149,1649,2.8951750209671445e-05,0.016029486432671547,0.0160005372017622,,,,,
150,1660,,,,,,0.0007543769315816462,0.0007954618195071816,0.0005157384439371526
150,1660,5.088937177788466e-05,0.001579816685989499,0.001528927474282682,,,,,
151,1671,,,,,,0.00025745033053681254,0.00025802053278312087,0.00018004416779149324
151,1671,0.0008441222598776221,0.0012180765625089407,0.00037395418621599674,,,,,
152,1682,,,,,,0.00026569218607619405,0.0002669497625902295,0.00018560724856797606
152,1682,0.0010082952212542295,0.001164709683507681,0.00015641436039004475,,,,,
153,1693,,,,,,0.00020503054838627577,0.00020136528473813087,0.0001446209498681128
153,1693,0.0007672383799217641,0.0008471694309264421,7.993106555659324e-05,,,,,
154,1704,,,,,,0.0001871147396741435,0.00018199777696281672,0.00013251538621261716
154,1704,0.004951678216457367,0.004997973795980215,4.629596514860168e-05,,,,,
155,1715,,,,,,0.00018726974667515606,0.00018216831085737795,0.00013261925778351724
155,1715,0.40553733706474304,0.4055737853050232,3.647232006187551e-05,,,,,
156,1726,,,,,,0.00018215502495877445,0.00017662372556515038,0.00012916790728922933
156,1726,0.0010055891470983624,0.001046159421093762,4.057014302816242e-05,,,,,
157,1737,,,,,,0.00017804224626161158,0.00017216167179867625,0.00012639375927392393
157,1737,0.0017872691387310624,0.0018243021331727505,3.703313632286154e-05,,,,,
158,1748,,,,,,0.00017869105795398355,0.0001728519710013643,0.00012683546810876578
158,1748,0.002138402545824647,0.0021693194285035133,3.091681719524786e-05,,,,,
159,1759,,,,,,0.00018172820273321122,0.00017613384989090264,0.00012888803030364215
159,1759,0.05213235691189766,0.052158646285533905,2.62934627244249e-05,,,,,
160,1770,,,,,,0.0001830312394304201,0.00017753902648109943,0.0001297695271205157
160,1770,0.005760752595961094,0.005786180961877108,2.54288188443752e-05,,,,,
161,1781,,,,,,0.00018365989672020078,0.00017822071094997227,0.00013019368634559214
161,1781,0.0022651245817542076,0.0022895382717251778,2.4413839128101245e-05,,,,,
162,1792,,,,,,0.00018405071750748903,0.00017864872643258423,0.00013045610103290528
162,1792,0.01454929355531931,0.014571819454431534,2.252432568639051e-05,,,,,
163,1803,,,,,,0.0001839558535721153,0.00017854296311270446,0.00013039297482464463
163,1803,0.007346446625888348,0.007367344573140144,2.0897825379506685e-05,,,,,
164,1814,,,,,,0.0001828716485761106,0.00017737122834660113,0.00012966028589289635
164,1814,0.0013513307785615325,0.0013708792394027114,1.9548368072719313e-05,,,,,
165,1825,,,,,,0.00018218826153315604,0.0001766327186487615,0.00012919843720737845
165,1825,0.001250309287570417,0.0012690362054854631,1.872693610494025e-05,,,,,
166,1836,,,,,,0.0001819436001824215,0.0001763676555128768,0.0001290333311771974
166,1836,0.0012843433069065213,0.001302262768149376,1.7919282981893048e-05,,,,,
167,1847,,,,,,0.00018197430472355336,0.00017640372971072793,0.00012905319454148412
167,1847,0.0013388543156906962,0.0013557859929278493,1.6931580830714665e-05,,,,,
168,1858,,,,,,0.00018188550893682986,0.00017630912770982832,0.00012899277498945594
168,1858,0.006827319506555796,0.006843645125627518,1.6324414900736883e-05,,,,,
169,1869,,,,,,0.00018193063442595303,0.00017635695985518396,0.00012902355229016393
169,1869,0.001405490329489112,0.001421567052602768,1.6076668543973938e-05,,,,,
170,1880,,,,,,0.00018154153076466173,0.00017593418306205422,0.00012876126857008785
170,1880,0.004015567246824503,0.004031283315271139,1.571586835780181e-05,,,,,
171,1891,,,,,,0.00018135692516807467,0.00017573755758348852,0.0001286356564378366
171,1891,0.007472256198525429,0.007487451657652855,1.5194502338999882e-05,,,,,
172,1902,,,,,,0.00018115167040377855,0.00017551548080518842,0.00012849703489337116
172,1902,0.005497271660715342,0.0055121504701673985,1.4878829460940324e-05,,,,,
173,1913,,,,,,0.0001811490801628679,0.0001755125995259732,0.00012849527411162853
173,1913,0.0036993524990975857,0.0037140403874218464,1.4687808288726956e-05,,,,,
174,1924,,,,,,0.0001813100097933784,0.00017568694602232426,0.00012860393326263875
174,1924,0.008126797154545784,0.00814099982380867,1.4203459613781888e-05,,,,,
175,1935,,,,,,0.00018119181913789362,0.00017555886006448418,0.00012852415966335684
175,1935,0.005597329698503017,0.005611042492091656,1.3713060980080627e-05,,,,,
176,1946,,,,,,0.00018139496387448162,0.000175781300640665,0.00012866056931670755
176,1946,0.005204252433031797,0.005217371508479118,1.3119510185788386e-05,,,,,
177,1957,,,,,,0.000181607945705764,0.00017601114814169705,0.00012880457506980747
177,1957,0.006329676602035761,0.006342681590467691,1.300412532145856e-05,,,,,
178,1968,,,,,,0.00018184701912105083,0.0001762685860740021,0.0001289664360228926
178,1968,0.06231420859694481,0.06232687830924988,1.2671871445490979e-05,,,,,
179,1979,,,,,,0.00018188866670243442,0.00017631432274356484,0.00012899437570013106
179,1979,0.5169976949691772,0.5170102119445801,1.2580038855958264e-05,,,,,
180,1990,,,,,,0.00018173179705627263,0.00017614410899113864,0.0001288885687245056
180,1990,0.004382462240755558,0.004396178759634495,1.3716958164877724e-05,,,,,
181,2001,,,,,,0.00018124337657354772,0.00017561613640282303,0.00012855851673521101
181,2001,0.002248922362923622,0.0022631369065493345,1.4214744624041487e-05,,,,,
182,2012,,,,,,0.00018068734789267182,0.00017501554975751787,0.0001281826989725232
182,2012,0.0018685073591768742,0.0018824220169335604,1.3914954251958989e-05,,,,,
183,2023,,,,,,0.0001804858911782503,0.00017479808593634516,0.00012804646394215524
183,2023,0.0030840274412184954,0.0030978962313383818,1.3868807400285732e-05,,,,,
184,2034,,,,,,0.0001803360937628895,0.0001746346679283306,0.0001279456919291988
184,2034,0.009857808239758015,0.00987139344215393,1.3585585293185432e-05,,,,,
185,2045,,,,,,0.00018019603157881647,0.00017448471044190228,0.00012785060971509665
185,2045,0.004424909595400095,0.004438357427716255,1.3448324352793861e-05,,,,,
186,2056,,,,,,0.00017992100038100034,0.00017418635252397507,0.00012766510189976543
186,2056,0.0015838058898225427,0.0015969703672453761,1.316418911301298e-05,,,,,
187,2067,,,,,,0.00017975126684177667,0.00017400049546267837,0.0001275511021958664
187,2067,0.006105083506554365,0.006118141580373049,1.3058036529400852e-05,,,,,
188,2078,,,,,,0.0001795260759536177,0.00017375631432514638,0.00012739918020088226
188,2078,0.004639343358576298,0.004652014933526516,1.2671376680373214e-05,,,,,
189,2089,,,,,,0.00017929085879586637,0.00017350293637719005,0.00012723998224828392
189,2089,0.003619591472670436,0.0036321186926215887,1.2527345461421646e-05,,,,,
190,2100,,,,,,0.00017920091340783983,0.0001734046236379072,0.0001271795335924253
190,2100,0.001539484248496592,0.001551777240820229,1.2292985957174096e-05,,,,,
191,2111,,,,,,0.00017910868336912245,0.00017330690752714872,0.00012711661111097783
191,2111,0.0234940554946661,0.023506293073296547,1.2237799637659919e-05,,,,,
192,2122,,,,,,0.00017905193089973181,0.00017324386863037944,0.00012707876157946885
192,2122,0.020845778286457062,0.020857641473412514,1.1862029168696608e-05,,,,,
193,2133,,,,,,0.00017898919759318233,0.00017317653691861778,0.00012703622633125633
193,2133,0.006551753263920546,0.006563476286828518,1.1722649105649907e-05,,,,,
194,2144,,,,,,0.00017887113790493459,0.00017305067740380764,0.0001269559288630262
194,2144,0.002140927826985717,0.002152720931917429,1.1793135854532011e-05,,,,,
195,2155,,,,,,0.00017871358431875706,0.0001728785427985713,0.00012685003457590938
195,2155,0.017857255414128304,0.01786898262798786,1.1726388947863597e-05,,,,,
196,2166,,,,,,0.00017859328363556415,0.00017274914716836065,0.0001267685292987153
196,2166,0.6313695311546326,0.6313813328742981,1.1752434147638269e-05,,,,,
197,2177,,,,,,0.00017850223230198026,0.00017264933558180928,0.00012670741125475615
197,2177,0.0013714958913624287,0.0013839240418747067,1.2428192349034362e-05,,,,,
198,2188,,,,,,0.00017837841005530208,0.00017251615645363927,0.00012662357767112553
198,2188,0.006537807174026966,0.006550497375428677,1.268959113076562e-05,,,,,
199,2199,,,,,,0.00017823689267970622,0.00017236372514162213,0.00012652776786126196
199,2199,0.025309333577752113,0.025321897119283676,1.2567425073939376e-05,,,,,
200,2210,,,,,,4.983089923858643,0.45642492175102234,4.84616231918335
200,2210,,7.2517876625061035,,0.6599599719047546,7.053800106048584,,,
201,2221,,,,,,135.35826110839844,17.981168746948242,129.9639129638672
201,2221,,194.4135284423828,,24.566518783569336,187.04359436035156,,,
202,2232,,,,,,38.53827667236328,4.8307929039001465,37.08903884887695
202,2232,,106.78399658203125,,11.515589714050293,103.3293228149414,,,
203,2243,,,,,,0.6176291108131409,0.06978586316108704,0.5966933965682983
203,2243,,91.3576889038086,,9.882377624511719,88.39297485351562,,,
204,2254,,,,,,329.7545166015625,28.20220184326172,321.2938537597656
204,2254,,90.52305603027344,,7.800318717956543,88.1829605102539,,,
205,2265,,,,,,66.74121856689453,6.366279125213623,64.83133697509766
205,2265,,64.8854751586914,,6.877511024475098,62.82221984863281,,,
206,2276,,,,,,7.047110557556152,0.7206088900566101,6.830928325653076
206,2276,,62.692745208740234,,6.545417308807373,60.729129791259766,,,
207,2287,,,,,,2.219897747039795,0.20697002112865448,2.157806634902954
207,2287,,5.057854652404785,,0.5493919253349304,4.893036842346191,,,
208,2298,,,,,,112.38900756835938,11.4314603805542,108.95957946777344
208,2298,,85.59341430664062,,8.664973258972168,82.9939193725586,,,
209,2309,,,,,,82.70413208007812,9.16772174835205,79.95381164550781
209,2309,,19.44619369506836,,2.2070932388305664,18.784067153930664,,,
210,2320,,,,,,2.531615972518921,0.3893794119358063,2.414801836013794
210,2320,,15.888786315917969,,1.6748782396316528,15.386324882507324,,,
211,2331,,,,,,132.18992614746094,14.385024070739746,127.87442016601562
211,2331,,162.64468383789062,,17.67633056640625,157.34178161621094,,,
212,2342,,,,,,84.29904174804688,9.429533958435059,81.47017669677734
212,2342,,79.49402618408203,,8.693007469177246,76.8861312866211,,,
213,2353,,,,,,77.01919555664062,8.045389175415039,74.6055679321289
213,2353,,79.91668701171875,,8.615002632141113,77.33218383789062,,,
214,2364,,,,,,47.14756774902344,5.375383377075195,45.53495407104492
214,2364,,89.34170532226562,,10.301793098449707,86.25117492675781,,,
215,2375,,,,,,131.23129272460938,15.091290473937988,126.7038803100586
215,2375,,125.9898910522461,,13.998201370239258,121.79043579101562,,,
216,2386,,,,,,11.849030494689941,1.6315566301345825,11.359564781188965
216,2386,,32.928375244140625,,3.8137996196746826,31.78423500061035,,,
217,2397,,,,,,23.32684326171875,1.9852036237716675,22.731281280517578
217,2397,,324.9644775390625,,34.25636672973633,314.6875915527344,,,
218,2408,,,,,,267.2133483886719,38.363563537597656,255.70428466796875
218,2408,,201.78530883789062,,25.49428367614746,194.13699340820312,,,
219,2419,,,,,,171.46580505371094,23.069124221801758,164.54507446289062
219,2419,,82.6441421508789,,10.13013744354248,79.6051025390625,,,
220,2430,,,,,,3.672123908996582,0.5497474074363708,3.507199764251709
220,2430,,43.641502380371094,,5.217513084411621,42.07624435424805,,,
221,2441,,,,,,7.98062801361084,1.0249282121658325,7.673150062561035
221,2441,,17.330549240112305,,2.0410232543945312,16.718242645263672,,,
222,2452,,,,,,16.850444793701172,1.7770295143127441,16.317337036132812
222,2452,,53.73917007446289,,5.861632347106934,51.98068618774414,,,
223,2463,,,,,,3.4666192531585693,0.4596773386001587,3.328716516494751
223,2463,,77.88457489013672,,8.16543960571289,75.43494415283203,,,
224,2474,,,,,,4.07700252532959,0.5959163308143616,3.8982274532318115
224,2474,,49.19686508178711,,5.4485297203063965,47.56230545043945,,,
225,2485,,,,,,30.49239158630371,2.906954288482666,29.620304107666016
225,2485,,210.3683319091797,,27.619869232177734,202.08236694335938,,,
226,2496,,,,,,38.393436431884766,4.489790439605713,37.04650115966797
226,2496,,66.388671875,,6.868833541870117,64.3280258178711,,,
227,2507,,,,,,80.54293823242188,9.633491516113281,77.65289306640625
227,2507,,42.51373291015625,,5.232686996459961,40.94392395019531,,,
228,2518,,,,,,3.3927745819091797,0.29129737615585327,3.3053853511810303
228,2518,,27.12162971496582,,4.157382965087891,25.87441635131836,,,
229,2529,,,,,,6.386028289794922,0.9829767942428589,6.091135025024414
229,2529,,21.917827606201172,,2.908769369125366,21.04520034790039,,,
230,2540,,,,,,43.61623001098633,5.362492084503174,42.00748062133789
230,2540,,63.51911163330078,,7.967654705047607,61.12881851196289,,,
231,2551,,,,,,1.4937623739242554,0.16606467962265015,1.4439430236816406
231,2551,,29.075393676757812,,2.876854419708252,28.21234130859375,,,
232,2562,,,,,,54.216182708740234,6.476294040679932,52.27329635620117
232,2562,,39.335548400878906,,4.549040794372559,37.97084045410156,,,
233,2573,,,,,,20.782493591308594,2.0487685203552246,20.167861938476562
233,2573,,47.35342788696289,,5.344117641448975,45.750186920166016,,,
234,2584,,,,,,0.11465401947498322,0.013401778414845467,0.1106334775686264
234,2584,,7.121448040008545,,0.8027101159095764,6.88063383102417,,,
235,2595,,,,,,2.1100690364837646,0.22066107392311096,2.043870687484741
235,2595,,7.252335548400879,,0.7786846160888672,7.018729209899902,,,
236,2606,,,,,,0.7495378851890564,0.09237781912088394,0.7218245267868042
236,2606,,7.158058166503906,,0.7739838361740112,6.925862789154053,,,
237,2617,,,,,,0.11768896877765656,0.044838931411504745,0.10423728823661804
237,2617,,7.849377155303955,,0.8935390114784241,7.581315517425537,,,
238,2628,,,,,,2.839664936065674,0.29302918910980225,2.751756191253662
238,2628,,12.376980781555176,,1.2581775188446045,11.999528884887695,,,
239,2639,,,,,,0.010590449906885624,0.0038763503544032574,0.00942754466086626
239,2639,,8.309738159179688,,0.9840182065963745,8.014533042907715,,,
240,2650,,,,,,0.28947314620018005,0.03632386028766632,0.27857595682144165
240,2650,,2.4833614826202393,,0.25107553601264954,2.408039093017578,,,
241,2661,,,,,,13.990880012512207,1.2547498941421509,13.614456176757812
241,2661,,10.085868835449219,,0.9848966598510742,9.790401458740234,,,
242,2672,,,,,,0.9720175862312317,0.08841411769390106,0.9454933404922485
242,2672,,1.871095895767212,,0.19567753374576569,1.8123925924301147,,,
243,2683,,,,,,0.33947449922561646,0.03610970824956894,0.3286415636539459
243,2683,,2.147833824157715,,0.22659218311309814,2.0798561573028564,,,
244,2694,,,,,,0.007816505618393421,0.0052081383764743805,0.006254063919186592
244,2694,,4.762571334838867,,0.49352574348449707,4.614513874053955,,,
245,2705,,,,,,11.092326164245605,1.0083478689193726,10.789822578430176
245,2705,,11.795515060424805,,1.1205761432647705,11.459342956542969,,,
246,2716,,,,,,4.989887714385986,0.48365771770477295,4.844789981842041
246,2716,,6.451847076416016,,0.6418724656105042,6.259284973144531,,,
247,2727,,,,,,0.23595693707466125,0.02666601911187172,0.2279571294784546
247,2727,,1.1804239749908447,,0.1291472315788269,1.1416798830032349,,,
248,2738,,,,,,1.4983569383621216,0.16487103700637817,1.4488955736160278
248,2738,,1.015509843826294,,0.11334212124347687,0.9815071225166321,,,
249,2749,,,,,,0.1998024582862854,0.025756454095244408,0.19207552075386047
249,2749,,1.383621335029602,,0.13644355535507202,1.3426883220672607,,,
250,2760,,,,,,1.492611289024353,0.15950657427310944,1.4447592496871948
250,2760,,0.9623512625694275,,0.10285396128892899,0.9314950704574585,,,
251,2771,,,,,,0.17704933881759644,0.019248563796281815,0.17127476632595062
251,2771,,1.663288950920105,,0.17089694738388062,1.6120197772979736,,,
252,2782,,,,,,0.09748927503824234,0.011770251207053661,0.09395820647478104
252,2782,,1.313064455986023,,0.1359255313873291,1.2722867727279663,,,
253,2793,,,,,,0.03836061805486679,0.0059537868946790695,0.036574482917785645
253,2793,,0.9300185441970825,,0.09656641632318497,0.901048481464386,,,
254,2804,,,,,,0.23278671503067017,0.02593931555747986,0.22500492632389069
254,2804,,0.26373571157455444,,0.02842356264591217,0.25520867109298706,,,
255,2815,,,,,,0.005395365413278341,0.002785605611279607,0.004559684079140425
255,2815,,0.1849028617143631,,0.02152904123067856,0.17844414710998535,,,
256,2826,,,,,,0.0057080588303506374,0.0016162734245881438,0.005223176907747984
256,2826,,0.10815255343914032,,0.01316286250948906,0.10420368611812592,,,
257,2837,,,,,,0.010059474036097527,0.0022860660683363676,0.009373653680086136
257,2837,,0.09955187886953354,,0.012124268338084221,0.09591460973024368,,,
258,2848,,,,,,0.0009295611525885761,0.0010975254699587822,0.0006003035232424736
258,2848,,0.0379151776432991,,0.005363320000469685,0.03630618378520012,,,
259,2859,,,,,,0.0010136304190382361,0.0013218865497037768,0.0006170644774101675
259,2859,,0.014200807549059391,,0.00321123911999166,0.01323743723332882,,,
260,2870,,,,,,0.0008742657955735922,0.001176471938379109,0.0005213241674937308
260,2870,,0.013614592142403126,,0.002952852286398411,0.012728734873235226,,,
261,2881,,,,,,0.0013354221591725945,0.0011352646397426724,0.0009948427323251963
261,2881,,0.02488645352423191,,0.003955696243792772,0.023699743673205376,,,
262,2892,,,,,,0.0011836305493488908,0.0014702430926263332,0.000742557633202523
262,2892,,0.02278350479900837,,0.004042701795697212,0.02157069370150566,,,
263,2903,,,,,,0.0041628251783549786,0.0015800026012584567,0.0036888241302222013
263,2903,,0.030953161418437958,,0.0047353291884064674,0.02953256107866764,,,
264,2914,,,,,,0.0015232485020533204,0.0016358924331143498,0.001032480620779097
264,2914,,0.02297545224428177,,0.004091456066817045,0.021748019382357597,,,
265,2925,,,,,,0.0009023346938192844,0.0011802612571045756,0.000548256270121783
265,2925,,0.016968226060271263,,0.003061572089791298,0.01604975387454033,,,
266,2936,,,,,,0.0010583618422970176,0.0012652447912842035,0.0006787885213270783
266,2936,,0.011538522318005562,,0.00258467486128211,0.010763119906187057,,,
267,2947,,,,,,0.001078289351426065,0.001427656738087535,0.0006499922019429505
267,2947,,0.012187621556222439,,0.0027768155559897423,0.011354576796293259,,,
268,2958,,,,,,0.0009762111585587263,0.0013201235560700297,0.0005801740917377174
268,2958,,0.0047265938483178616,,0.0019368757493793964,0.004145530983805656,,,
269,2969,,,,,,0.000958561897277832,0.0012868423946201801,0.0005725091323256493
269,2969,,0.010555773042142391,,0.0024424390867352486,0.009823041036725044,,,
270,2980,,,,,,0.001065180986188352,0.0012923430185765028,0.0006774780340492725
270,2980,,0.009608279913663864,,0.002351229079067707,0.00890291016548872,,,
271,2991,,,,,,0.000889776274561882,0.0011979872360825539,0.000530380115378648
271,2991,,0.004200461320579052,,0.0017191399820148945,0.0036847193259745836,,,
272,3002,,,,,,0.0008250990067608654,0.0011127881007269025,0.0004912626463919878
272,3002,,0.007339424453675747,,0.0019331203075125813,0.006759487558156252,,,
273,3013,,,,,,0.0007790003437548876,0.0010530977742746472,0.00046307098818942904
273,3013,,0.004634471144527197,,0.0015919904690235853,0.004156874027103186,,,
274,3024,,,,,,0.0008098972612060606,0.0010777306742966175,0.00048657809384167194
274,3024,,0.0039061845745891333,,0.0015386894810944796,0.003444577567279339,,,
275,3035,,,,,,0.0008133348310366273,0.0011006242129951715,0.00048314762534573674
275,3035,,0.0038137331139296293,,0.0015456411056220531,0.003350040642544627,,,
276,3046,,,,,,0.0007995776832103729,0.0010787623468786478,0.0004759489675052464
276,3046,,0.0027917176485061646,,0.001414652680978179,0.0023673223331570625,,,
277,3057,,,,,,0.0007968011777848005,0.0010742036392912269,0.0004745400801766664
277,3057,,0.0035852401051670313,,0.0014878996880725026,0.0031388704665005207,,,
278,3068,,,,,,0.0008311729761771858,0.0011267251102253795,0.0004931554431095719
278,3068,,0.002750352956354618,,0.001451129443012178,0.002315014135092497,,,
279,3079,,,,,,0.000823992129880935,0.0011090716579928994,0.0004912706790491939
279,3079,,0.0018066299380734563,,0.0013371208915486932,0.0014054933562874794,,,
280,3090,,,,,,0.0008293071878142655,0.0011192979291081429,0.0004935177857987583
280,3090,,0.0016811101231724024,,0.0013331918744370341,0.0012811524793505669,,,
281,3101,,,,,,0.0007997604552656412,0.0010709719499573112,0.0004784688644576818
281,3101,,0.0016869577812030911,,0.0012823642464354634,0.001302248565480113,,,
282,3112,,,,,,0.0007601967663504183,0.0010099051287397742,0.0004572252801153809
282,3112,,0.00174663495272398,,0.001235978677868843,0.0013758414424955845,,,
283,3123,,,,,,0.0007244083099067211,0.0009741864050738513,0.00043215235928073525
283,3123,,0.001205028616823256,,0.0011515183141455054,0.0008595733088441193,,,
284,3134,,,,,,0.0007116403430700302,0.0009526112116873264,0.0004258569679223001
284,3134,,0.0011136641260236502,,0.0011222490575164557,0.00077698944369331,,,
285,3145,,,,,,0.000678058248013258,0.0009103404590860009,0.00040495608118362725
285,3145,,0.0016336393309757113,,0.001128938514739275,0.0012949577067047358,,,
286,3156,,,,,,0.000666531384922564,0.0008788921404629946,0.0004028637195006013
286,3156,,0.0015236727194860578,,0.00109774898737669,0.001194347976706922,,,
287,3167,,,,,,0.000626128341536969,0.0008317765896208584,0.00037659532972611487
287,3167,,0.001501138205640018,,0.0010462176287546754,0.0011872727191075683,,,
288,3178,,,,,,0.0006113291601650417,0.0008152395603246987,0.00036675724550150335
288,3178,,0.0013206145958974957,,0.0010162645485252142,0.0010157352080568671,,,
289,3189,,,,,,0.0005783741362392902,0.0007853102870285511,0.00034278107341378927
289,3189,,0.0015347069129347801,,0.0010030168341472745,0.0012338017113506794,,,
290,3200,,,,,,0.0005713432328775525,0.0007557101198472083,0.0003446302143856883
290,3200,,0.0013661442790180445,,0.000967040890827775,0.0010760320583358407,,,
291,3211,,,,,,0.0005403563263826072,0.0007208868628367782,0.0003240903024561703
291,3211,,0.0012302709510549903,,0.0009194781887345016,0.0009544274653308094,,,
292,3222,,,,,,0.0004959321231581271,0.0006712255417369306,0.0002945643791463226
292,3222,,0.0009723780094645917,,0.0008479305543005466,0.0007179988315328956,,,
293,3233,,,,,,0.000478780479170382,0.0006494578556157649,0.0002839431108441204
293,3233,,0.0016053557628765702,,0.0008744492661207914,0.001343020936474204,,,
294,3244,,,,,,0.0005000582896173,0.000656222808174789,0.000303191423881799
294,3244,,0.001354740234091878,,0.0008644268964417279,0.001095412066206336,,,
295,3255,,,,,,0.000505319912917912,0.0006786095909774303,0.0003017370472662151
295,3255,,0.0022856038995087147,,0.0009703137911856174,0.0019945099484175444,,,
296,3266,,,,,,0.0005294712027534842,0.0006944276392459869,0.00032114292844198644
296,3266,,0.0019323136657476425,,0.0009601840865798295,0.001644258270971477,,,
297,3277,,,,,,0.0005188042996451259,0.0006912954268045723,0.00031141561339609325
297,3277,,0.0014821295626461506,,0.0009065840276889503,0.0012101544998586178,,,
298,3288,,,,,,0.0005146960029378533,0.0006938014994375408,0.0003065555647481233
298,3288,,0.0010677733225747943,,0.0008617067360319197,0.0008092611096799374,,,
299,3299,,,,,,0.0005001481040380895,0.0006771154003217816,0.00029701346647925675
299,3299,,0.0011740551562979817,,0.0008587988559156656,0.0009164153598248959,,,
300,3310,,,,,,0.0004716906405519694,0.0006388275069184601,0.00028004232444800436
300,3310,,0.0011470512254163623,,0.0008163857273757458,0.0009021354489959776,,,
301,3321,,,,,,0.0004537880886346102,0.0006105891661718488,0.0002706113154999912
301,3321,,0.00129521859344095,,0.000808192475233227,0.00105276086833328,,,
302,3332,,,,,,0.00043305670260451734,0.0005834848852828145,0.00025801119045354426
302,3332,,0.0008405894041061401,,0.0007302306476049125,0.0006215202156454325,,,
303,3343,,,,,,0.0004359439481049776,0.0005911319749429822,0.0002586043265182525
303,3343,,0.0009138729074038565,,0.0007419823668897152,0.0006912780809216201,,,
304,3354,,,,,,0.00043695978820323944,0.00058839371195063,0.0002604416513349861
304,3354,,0.001200065016746521,,0.0007755349506624043,0.0009674045722931623,,,
305,3365,,,,,,0.000426716374931857,0.0005785897374153137,0.00025313947116956115
305,3365,,0.0007592908223159611,,0.0007153512560762465,0.0005446855211630464,,,
306,3376,,,,,,0.0004242257564328611,0.0005712595302611589,0.0002528478507883847
306,3376,,0.001091386890038848,,0.000742738600820303,0.0008685651700943708,,,
307,3387,,,,,,0.00041294863331131637,0.0005565301980823278,0.0002459895331412554
307,3387,,0.0010821075411513448,,0.0007325131446123123,0.0008623535977676511,,,
308,3398,,,,,,0.000410791632020846,0.0005535780219361186,0.0002447182487230748
308,3398,,0.0008936556987464428,,0.0007100836955942214,0.0006806304445490241,,,
309,3409,,,,,,0.00040703164995647967,0.0005474971840158105,0.00024278249475173652
309,3409,,0.00114276388194412,,0.000732616288587451,0.0009229790302924812,,,
310,3420,,,,,,0.00038680160650983453,0.0005244316998869181,0.00022947209072299302
310,3420,,0.0007085055694915354,,0.0006550662801600993,0.0005119856796227396,,,
311,3431,,,,,,0.00039172385004349053,0.0005267123342491686,0.0002337101468583569
311,3431,,0.000650818576104939,,0.0006511954707093537,0.00045545989996753633,,,
312,3442,,,,,,0.00037759976112283766,0.0005133580998517573,0.00022359237482305616
312,3442,,0.0007216210942715406,,0.0006495036650449038,0.000526769959833473,,,
313,3453,,,,,,0.00036288468982093036,0.0004925198154523969,0.00021512876264750957
313,3453,,0.0009123618365265429,,0.0006492010434158146,0.0007176016224548221,,,
314,3464,,,,,,0.00035769326495938003,0.0004846676019951701,0.00021229298727121204
314,3464,,0.0006796735106036067,,0.000612810836173594,0.0004958302015438676,,,
315,3475,,,,,,0.00035738630685955286,0.00048365211114287376,0.00021229064441286027
315,3475,,0.0009242739761248231,,0.0006445891922339797,0.0007308972999453545,,,
316,3486,,,,,,0.00034807721385732293,0.00047223677393049,0.00020640618458855897
316,3486,,0.0007543909596279263,,0.0006168049876578152,0.0005693495040759444,,,
317,3497,,,,,,0.00033527641789987683,0.00045562582090497017,0.0001985886920010671
317,3497,,0.0006743521080352366,,0.0005889871972613037,0.0004976558848284185,,,
318,3508,,,,,,0.00032648039632476866,0.00044297095155343413,0.0001935890904860571
318,3508,,0.0009071301319636405,,0.000597079168073833,0.0007280063582584262,,,
319,3519,,,,,,0.0003282948164269328,0.00044322185567580163,0.00019532824808266014
319,3519,,0.0007334220572374761,,0.0005819856887683272,0.0005588262574747205,,,
320,3530,,,,,,0.0003202136722393334,0.0004343814798630774,0.0001898992049973458
320,3530,,0.0007882736972533166,,0.0005817894707433879,0.0006137369200587273,,,
321,3541,,,,,,0.0003105365904048085,0.0004208889149595052,0.00018426991300657392
321,3541,,0.0006383949657902122,,0.0005480106920003891,0.0004739917640108615,,,
322,3552,,,,,,0.0003062032046727836,0.000416000111727044,0.0001814031566027552
322,3552,,0.0009557005250826478,,0.0005812862073071301,0.0007813146221451461,,,
323,3563,,,,,,0.0003006652113981545,0.000407288724090904,0.00017847857088781893
323,3563,,0.0006223917589522898,,0.0005324578960426152,0.0004626543668564409,,,
324,3574,,,,,,0.0003042627649847418,0.00041081811650656164,0.0001810173416743055
324,3574,,0.0008201755117624998,,0.0005630499799735844,0.0006512605468742549,,,
325,3585,,,,,,0.00029896467458456755,0.00040446012280881405,0.0001776266290107742
325,3585,,0.0006054128753021359,,0.0005310489214025438,0.000446098274551332,,,
326,3596,,,,,,0.0002918167447205633,0.00039602883043698967,0.0001730080839479342
326,3596,,0.0008433671318925917,,0.0005489061586558819,0.0006786953308619559,,,
327,3607,,,,,,0.00029344085487537086,0.00039473758079111576,0.0001750195660861209
327,3607,,0.0007006022497080266,,0.0005335622117854655,0.0005405336269177496,,,
328,3618,,,,,,0.0002828134747687727,0.00038360775215551257,0.00016773118113633245
328,3618,,0.0008981122518889606,,0.0005482848500832915,0.000733626657165587,,,
329,3629,,,,,,0.00027409044560045004,0.0003720223030541092,0.0001624837314011529
329,3629,,0.0007234944496303797,,0.0005159568972885609,0.000568707357160747,,,
330,3640,,,,,,0.0002677938900887966,0.0003619021154008806,0.0001592232147231698
330,3640,,0.0006822078139521182,,0.0004984741099178791,0.0005326656391844153,,,
331,3651,,,,,,0.00026806697132997215,0.0003555465373210609,0.00016140298976097256
331,3651,,0.0005692910053767264,,0.00048133160453289747,0.0004248915065545589,,,
332,3662,,,,,,0.0002657022268977016,0.0003494562115520239,0.00016086535470094532
332,3662,,0.0004700328572653234,,0.00046194519381970167,0.00033144932240247726,,,
333,3673,,,,,,0.0002564914175309241,0.0003414817911107093,0.00015404689474962652
333,3673,,0.0006266777636483312,,0.00047614966752007604,0.00048383278772234917,,,
334,3684,,,,,,0.00024855791707523167,0.00033094038371928036,0.00014927578740753233
334,3684,,0.0005349707789719105,,0.00045161310117691755,0.0003994868602603674,,,
335,3695,,,,,,0.0002389066939940676,0.0003224698593840003,0.00014216573617886752
335,3695,,0.000772635277826339,,0.000469764054287225,0.0006317059742286801,,,
336,3706,,,,,,0.00023647554917261004,0.000320236140396446,0.00014040470705367625
336,3706,,0.0017512384802103043,,0.000565065594855696,0.0015817189123481512,,,
337,3717,,,,,,0.0002403370017418638,0.0003255734627600759,0.00014266493963077664
337,3717,,0.0019141932716593146,,0.0005885296850465238,0.0017376344185322523,,,
338,3728,,,,,,0.0002481481642462313,0.0003353485371917486,0.00014754362928215414
338,3728,,0.0011517290258780122,,0.0005221703904680908,0.0009950778912752867,,,
339,3739,,,,,,0.0002515285450499505,0.0003400176647119224,0.00014952322817407548
339,3739,,0.0015168484533205628,,0.0005651773535646498,0.0013472950085997581,,,
340,3750,,,,,,0.0002512515929993242,0.0003378471592441201,0.0001498974161222577
340,3750,,0.0005298873293213546,,0.0004584656562656164,0.00039234760333783925,,,
341,3761,,,,,,0.00024444167502224445,0.000330513808876276,0.0001452875294489786
341,3761,,0.0008749979897402227,,0.0004898114129900932,0.0007280545542016625,,,
342,3772,,,,,,0.00023861472436692566,0.0003220203798264265,0.00014200857549440116
342,3772,,0.0005733428406529129,,0.00044879852794110775,0.00043870334047824144,,,
343,3783,,,,,,0.00023709933157078922,0.00031512408168055117,0.000142562115797773
343,3783,,0.000503921473864466,,0.00043257640209048986,0.00037414857069961727,,,
344,3794,,,,,,0.00023010086442809552,0.00030738688656128943,0.00013788479554932564
344,3794,,0.0005535714444704354,,0.00043008013744838536,0.00042454744107089937,,,
345,3805,,,,,,0.000219570763874799,0.0002978434204123914,0.00013021774066146463
345,3805,,0.001383443595841527,,0.0005045651341788471,0.001232073875144124,,,
346,3816,,,,,,0.00022381437884178013,0.0002978820994030684,0.0001344497432000935
346,3816,,0.0005600841832347214,,0.00042409024899825454,0.00043285719584673643,,,
347,3827,,,,,,0.00022417558648157865,0.0002978683332912624,0.00013481508358381689
347,3827,,0.0005202739266678691,,0.0004184159333817661,0.00039474916411563754,,,
348,3838,,,,,,0.00021971683599986136,0.0002948650508187711,0.00013125731493346393
348,3838,,0.0007474914891645312,,0.0004408466338645667,0.0006152374553494155,,,
349,3849,,,,,,0.00021822898997925222,0.00029141391860321164,0.00013080480857752264
349,3849,,0.000600865634623915,,0.00042070506606251,0.00047465410898439586,,,
350,3860,,,,,,0.00021235618623904884,0.0002859570668078959,0.00012656906619668007
350,3860,,0.0007592302281409502,,0.00043125098454765975,0.0006298550288192928,,,
351,3871,,,,,,0.0002092185168294236,0.00028359072166495025,0.00012414131197147071
351,3871,,0.0015108283841982484,,0.0005057047819718719,0.0013591171009466052,,,
352,3882,,,,,,0.00021306447160895914,0.000285578629700467,0.00012739087105728686
352,3882,,0.0007709568599238992,,0.0004322694439906627,0.0006412760121747851,,,
353,3893,,,,,,0.00021143275080248713,0.0002824124530889094,0.00012670899741351604
353,3893,,0.0005243660998530686,,0.0004062915686517954,0.0004024785303045064,,,
354,3904,,,,,,0.00020834259339608252,0.00027772499015554786,0.0001250250788871199
354,3904,,0.0010128022404387593,,0.00044870394049212337,0.000878190970979631,,,
355,3915,,,,,,0.0002023384440690279,0.0002739015326369554,0.00012016796972602606
355,3915,,0.0011250078678131104,,0.00045903658610768616,0.000987296923995018,,,
356,3926,,,,,,0.00020135281374678016,0.0002732702996581793,0.00011937173258047551
356,3926,,0.0012249345891177654,,0.0004692759539466351,0.0010841519106179476,,,
357,3937,,,,,,0.00020181421132292598,0.00027255131863057613,0.00012004881136817858
357,3937,,0.0009556168224662542,,0.000443746946984902,0.0008224926423281431,,,
358,3948,,,,,,0.00020140447304584086,0.0002715544542297721,0.00011993815132882446
358,3948,,0.0007953472668305039,,0.00042530076461844146,0.000667757005430758,,,
359,3959,,,,,,0.00020009843865409493,0.00027112054522149265,0.00011876225471496582
359,3959,,0.0011993853840976954,,0.0004640617989934981,0.0010601667454466224,,,
360,3970,,,,,,0.00019968826381955296,0.00027067193877883255,0.00011848669237224385
360,3970,,0.0008441244135610759,,0.00043443305185064673,0.0007137944339774549,,,
361,3981,,,,,,0.0001992567558772862,0.00026749965036287904,0.00011900686513399705
361,3981,,0.0008709057583473623,,0.00042905795271508396,0.0007421884220093489,,,
362,3992,,,,,,0.00019629606686066836,0.0002645381318870932,0.00011693462874973193
362,3992,,0.0007359368610195816,,0.0004157926014158875,0.0006111990660429001,,,
363,4003,,,,,,0.00019390876695979387,0.000262160727288574,0.00011526055459398776
363,4003,,0.001806424232199788,,0.000516902597155422,0.001651353552006185,,,
364,4014,,,,,,0.0001990946475416422,0.000259547057794407,0.00012123052874812856
364,4014,,0.0004365976492408663,,0.0003773215867113322,0.00032340112375095487,,,
365,4025,,,,,,0.00018598305177874863,0.00024959410075098276,0.00011110483319498599
365,4025,,0.0011767462128773332,,0.00043974764412268996,0.0010448218090459704,,,
366,4036,,,,,,0.00018450236530043185,0.00024665409000590444,0.00011050613829866052
366,4036,,0.0006215392495505512,,0.00038354916614480317,0.0005064745200797915,,,
367,4047,,,,,,0.0001866431557573378,0.000244729220867157,0.00011322439968353137
367,4047,,0.0004243345756549388,,0.00036036933306604624,0.0003162237408105284,,,
368,4058,,,,,,0.00018346085562370718,0.0002394533803453669,0.00011162484588567168
368,4058,,0.00043789655319415033,,0.00035761023173108697,0.00033061348949559033,,,
369,4069,,,,,,0.00017232488607987761,0.00023198123381007463,0.00010273051884723827
369,4069,,0.0009763109846971929,,0.0004015509912278503,0.0008558456320315599,,,
370,4080,,,,,,0.0001717910054139793,0.00023155310191214085,0.00010232507338514552
370,4080,,0.0007736276602372527,,0.0003831846406683326,0.0006586724193766713,,,
371,4091,,,,,,0.00017430192383471876,0.0002325916721019894,0.00010452442802488804
371,4091,,0.000589190807659179,,0.00036683649523183703,0.0004791398241650313,,,
372,4102,,,,,,0.0001726455957395956,0.0002313305449206382,0.00010324642789782956
372,4102,,0.0008017306099645793,,0.000387000385671854,0.000685630482621491,,,
373,4113,,,,,,0.0001777780125848949,0.00023337513266596943,0.00010776547424029559
373,4113,,0.0003986538795288652,,0.000348537287209183,0.0002940926933661103,,,
374,4124,,,,,,0.00017452244355808944,0.00023086019791662693,0.00010526437836233526
374,4124,,0.0007423781207762659,,0.0003783976717386395,0.0006288588047027588,,,
375,4135,,,,,,0.0001744504988892004,0.00023000291548669338,0.00010544962424319237
375,4135,,0.00046696336357854307,,0.00035237992415204644,0.00036124937469139695,,,
376,4146,,,,,,0.00017310379189439118,0.0002288092946400866,0.00010446101077832282
376,4146,,0.0005745006492361426,,0.00036156323039904237,0.0004660316917579621,,,
377,4157,,,,,,0.00016774068353697658,0.0002267023519380018,9.972997941076756e-05
377,4157,,0.000956461182795465,,0.0003989444812759757,0.0008367777918465436,,,
378,4168,,,,,,0.00017421245865989476,0.00022781561710871756,0.00010586776625132188
378,4168,,0.0004305741749703884,,0.00034751923521980643,0.0003263184044044465,,,
379,4179,,,,,,0.00016739008424337953,0.0002242555347038433,0.00010011342965299264
379,4179,,0.0008168269996531308,,0.00038308906368911266,0.000701900280546397,,,
380,4190,,,,,,0.0001722990273265168,0.00022556714247912169,0.00010462888894835487
380,4190,,0.00046440280857495964,,0.00034898208105005324,0.0003597082104533911,,,
381,4201,,,,,,0.00016881020565051585,0.00022392549726646394,0.00010163254046346992
381,4201,,0.0004567868309095502,,0.0003489032678771764,0.00035211583599448204,,,
382,4212,,,,,,0.0001676940155448392,0.00021766747522633523,0.00010239377297693864
382,4212,,0.0007077342015691102,,0.00036075914977118373,0.0005995064857415855,,,
383,4223,,,,,,0.00016094828606583178,0.0002136471593985334,9.68541280599311e-05
383,4223,,0.0005755070014856756,,0.00034743352443911135,0.00047127692960202694,,,
384,4234,,,,,,0.00016030445112846792,0.0002139462303603068,9.61206023930572e-05
384,4234,,0.000836384657304734,,0.00037410875665955245,0.00072415207978338,,,
385,4245,,,,,,0.00016124904504977167,0.00021510364604182541,9.671794396126643e-05
385,4245,,0.0006108640227466822,,0.0003560460754670203,0.0005040502292104065,,,
386,4256,,,,,,0.00016597573994658887,0.0002162774617318064,0.00010109249706147239
386,4256,,0.0004079749633092433,,0.0003350109327584505,0.00030747169512324035,,,
387,4267,,,,,,0.0001638763933442533,0.00021375958749558777,9.974850399885327e-05
387,4267,,0.0004783771000802517,,0.00034037360455840826,0.00037626505945809186,,,
388,4278,,,,,,0.000157142523676157,0.00021087354980409145,9.388045873492956e-05
388,4278,,0.0008381200605072081,,0.00037199369398877025,0.0007265220629051328,,,
389,4289,,,,,,0.00015899917343631387,0.0002128016931237653,9.515865531284362e-05
389,4289,,0.0006725176936015487,,0.0003584194928407669,0.0005649918457493186,,,
390,4300,,,,,,0.0001607410522410646,0.00021438865223899484,9.642445365898311e-05
390,4300,,0.0006214848253875971,,0.0003566934901755303,0.0005144768510945141,,,
391,4311,,,,,,0.0001584950223332271,0.00021337423822842538,9.448274795431644e-05
391,4311,,0.0008208822109736502,,0.0003783200809266418,0.0007073862361721694,,,
392,4322,,,,,,0.0001613537169760093,0.0002127619372913614,9.752513142302632e-05
392,4322,,0.0005970720085315406,,0.0003557319869287312,0.0004903524531982839,,,
393,4333,,,,,,0.0001608115271665156,0.00020465391571633518,9.941535245161504e-05
393,4333,,0.0004259335692040622,,0.00032638211268931627,0.000328018912114203,,,
394,4344,,,,,,0.0001498469791840762,0.0001946300471900031,9.145796502707526e-05
394,4344,,0.00040441806777380407,,0.00031307514291256666,0.00031049552490003407,,,
395,4355,,,,,,0.0001448822149541229,0.00018903269665315747,8.817239722702652e-05
395,4355,,0.0005189573275856674,,0.00031682703411206603,0.0004239092522766441,,,
396,4366,,,,,,0.00014304846990853548,0.00018695204926189035,8.696282748132944e-05
396,4366,,0.0004003399226348847,,0.00030382495606318116,0.00030919251730665565,,,
397,4377,,,,,,0.00014039967209100723,0.0001850047119660303,8.489824540447444e-05
397,4377,,0.0005840655067004263,,0.00031948735704645514,0.00048821925884112716,,,
398,4388,,,,,,0.00013957571354694664,0.0001844696089392528,8.423480903729796e-05
398,4388,,0.000557991792447865,,0.00031726309680379927,0.0004628128372132778,,,
399,4399,,,,,,0.00013864111679140478,0.00018348934827372432,8.359432104043663e-05
399,4399,,0.0006946392823010683,,0.00032945533166639507,0.0005958027322776616,,,
